local_time_boot_ms,target_time_boot_ms,attitude_time_boot_ms,servo_time_usec,x,y,z,vx,vy,vz,target_x,target_y,target_z,target_vx,target_vy,target_vz,roll,pitch,yaw,rollspeed,pitchspeed,yawspeed,servo1_raw,servo2_raw,servo3_raw,servo4_raw,is_err
1888260,1888308,1888316,1888336000,-0.010536573827266693,0.2586236298084259,0.035064697265625,0.030546460300683975,-0.012416733428835869,0.0004404775972943753,-0.03658611327409744,0.04131903499364853,-2.4640395641326904,-0.025225110352039337,-0.20615306496620178,-2.4985291957855225,-3.1357762813568115,0.002898565959185362,1.1121814250946045,-0.0015899876598268747,0.00988799799233675,-0.0004579906235449016,2000,1000,2000,1000,False
1888356,1888412,1888416,1888436000,-0.010138372890651226,0.25809594988822937,0.033721923828125,0.026777388527989388,-0.013702217489480972,-0.000927090470213443,-0.03658611327409744,0.04131903499364853,-2.4640395641326904,-0.023894306272268295,-0.2058342695236206,-2.4966371059417725,-3.1356077194213867,0.0028486556839197874,1.1123099327087402,-0.0041463254019618034,-0.0008847765857353806,0.006539632566273212,2000,1000,2000,1000,False
1888460,1888508,1888516,1888536000,-0.012152154929935932,0.2577991783618927,0.031829833984375,0.02772635966539383,-0.016643831506371498,0.0019146850099787116,-0.03658611327409744,0.04131903499364853,-2.4640395641326904,-0.02281631901860237,-0.20530270040035248,-2.4951722621917725,-3.135521650314331,0.002545534633100033,1.1121997833251953,0.00753862364217639,0.006229456514120102,2.530039637349546e-06,2000,1000,2000,1000,False
1888556,1888604,1888612,1888640000,-0.0127950981259346,0.25694409012794495,0.03045654296875,0.024154052138328552,-0.01951892487704754,0.0014014956541359425,-0.03658611327409744,0.04131903499364853,-2.4640395641326904,-0.022508004680275917,-0.20437288284301758,-2.4939820766448975,-3.1353349685668945,0.0028019158635288477,1.1117823123931885,0.0040422226302325726,0.008977041579782963,-0.00024742152891121805,2000,1000,2000,1000,False
1888652,1888708,1888712,1888740000,-0.012926170602440834,0.25598666071891785,0.029541015625,0.01844375766813755,-0.017319295555353165,0.004050648305565119,-0.03658611327409744,0.04131903499364853,-2.4640395641326904,-0.022539034485816956,-0.20337402820587158,-2.4932801723480225,-3.1350979804992676,0.002182726515457034,1.1118744611740112,0.0016959656495600939,-0.003581371856853366,0.001771940616890788,2000,1000,2000,1000,False
1888756,1888804,1888812,1888836000,-0.013666486367583275,0.2550409436225891,0.0286865234375,0.014316696673631668,-0.017306823283433914,0.004416096489876509,-0.03658611327409744,0.04131903499364853,-2.4640395641326904,-0.0195700004696846,-0.2028477042913437,-2.4916017055511475,-3.1352949142456055,0.0025977964978665113,1.1117002964019775,-0.008888835087418556,-0.014004780910909176,0.0002852343604899943,2000,1000,2000,1000,False
1888852,1888908,1888912,1888936000,-0.017830947414040565,0.2545911371707916,0.026702880859375,0.012507883831858635,-0.017763815820217133,0.005720165558159351,-0.03658611327409744,0.04131903499364853,-2.4640395641326904,-0.016188830137252808,-0.202352374792099,-2.4900147914886475,-3.1351518630981445,0.0027693654410541058,1.111901879310608,-0.007068123668432236,-0.018152320757508278,-0.004483367316424847,2000,1000,2000,1000,False
1888956,1889004,1889012,1889040000,-0.02066272869706154,0.2541106641292572,0.0255126953125,0.012042045593261719,-0.013128421269357204,0.005886945407837629,-0.03658611327409744,0.04131903499364853,-2.4640395641326904,-0.014239142648875713,-0.2020263820886612,-2.4892213344573975,-3.135308027267456,0.0027457226533442736,1.1114616394042969,0.006829060148447752,0.010919550433754921,0.00787083338946104,2000,1000,2000,1000,False
1889052,1889108,1889116,1889140000,-0.02235519327223301,0.25379619002342224,0.02471923828125,0.00913785770535469,-0.012653090059757233,0.005039237905293703,-0.03658611327409744,0.04131903499364853,-2.4640395641326904,-0.012902369722723961,-0.20150001347064972,-2.4883973598480225,-3.13557767868042,0.00276558636687696,1.1117305755615234,0.0007610025350004435,-0.004160511773079634,-0.0036933075170964003,2000,1000,2000,1000,False
1889156,1889212,1889216,1889236000,-0.023627756163477898,0.25320661067962646,0.023895263671875,0.009396188892424107,-0.014755969867110252,0.0032176305539906025,-0.03658611327409744,0.04131903499364853,-2.4640395641326904,-0.011371592059731483,-0.20124027132987976,-2.4872071743011475,-3.135727882385254,0.0027967323549091816,1.1116796731948853,-0.0010631182231009007,0.007014616392552853,-0.0007155478233471513,2000,1000,2000,1000,False
1889260,1889308,1889316,1889340000,-0.025182144716382027,0.2530072331428528,0.02264404296875,0.010784532874822617,-0.01620490290224552,0.003762433771044016,-0.03658611327409744,0.04131903499364853,-2.4640395641326904,-0.010495414026081562,-0.20083387196063995,-2.4863831996917725,-3.135831356048584,0.0026920433156192303,1.1115543842315674,-0.0014636681880801916,-0.011396734975278378,0.006158217787742615,2000,1000,2000,1000,False
1889356,1889412,1889416,1889436000,-0.025755876675248146,0.25231555104255676,0.02215576171875,0.010751440189778805,-0.019026925787329674,0.004265306983143091,-0.03658611327409744,0.04131903499364853,-2.4640395641326904,-0.010236101225018501,-0.1999206393957138,-2.4859864711761475,-3.1360552310943604,0.0027839874383062124,1.1113336086273193,-0.002031180774793029,0.011568497866392136,-0.004030192736536264,2000,1000,2000,1000,False
1889452,1889508,1889516,1889540000,-0.025744862854480743,0.25126734375953674,0.021728515625,0.009549219161272049,-0.020466944202780724,-0.001453874516300857,-0.03658611327409744,0.04131903499364853,-2.4640395641326904,-0.010548308491706848,-0.19868974387645721,-2.4855287075042725,-3.136248826980591,0.002428713720291853,1.111428141593933,0.005651021376252174,-0.0092417998239398,-0.010046138428151608,2000,1000,2000,1000,False
1889556,1889604,1889612,1889636000,-0.025375809520483017,0.2500916123390198,0.02117919921875,0.012636665254831314,-0.019444219768047333,-0.0007044102530926466,-0.03658611327409744,0.04131903499364853,-2.4640395641326904,-0.010339295491576195,-0.19854435324668884,-2.4847657680511475,-3.1363186836242676,0.002372975926846266,1.1117457151412964,0.003294447436928749,0.01638634130358696,-0.00275088706985116,2000,1000,2000,1000,False
1889652,1889708,1889712,1889736000,-0.025815598666667938,0.25050804018974304,0.0203857421875,0.013506759889423847,-0.015272478573024273,0.0005929685430601239,-0.03658611327409744,0.04131903499364853,-2.4640395641326904,-0.01023112889379263,-0.19882450997829437,-2.4841859340667725,-3.1362392902374268,0.002266020979732275,1.1117968559265137,0.011905915103852749,-0.0009532267577014863,0.004060911014676094,2000,1000,2000,1000,False
1889756,1889804,1889812,1889840000,-0.025643596425652504,0.250481516122818,0.019927978515625,0.014904615469276905,-0.017813630402088165,-0.0014271725667640567,-0.03658611327409744,0.04131903499364853,-2.4640395641326904,-0.010806814767420292,-0.1985289603471756,-2.4837281703948975,-3.1357429027557373,0.0024279342032969,1.111673355102539,0.005239312071353197,0.002286333590745926,0.008290363475680351,2000,1000,2000,1000,False
1889860,1889908,1889912,1889936000,-0.024591578170657158,0.2500649690628052,0.01934814453125,0.0170759167522192,-0.016366681084036827,-0.003718702122569084,-0.03658611327409744,0.04131903499364853,-2.4640395641326904,-0.012052327394485474,-0.19801899790763855,-2.4832093715667725,-3.135756731033325,0.0025373748503625393,1.111870527267456,0.003642108291387558,0.003011636435985565,0.0023816186003386974,2000,1000,2000,1000,False
1889956,1890004,1890012,1890036000,-0.023548178374767303,0.24910672008991241,0.018768310546875,0.01836276240646839,-0.01885443925857544,-0.004611062351614237,-0.03658611327409744,0.04131903499364853,-2.4640395641326904,-0.012131293304264545,-0.1963127851486206,-2.4819886684417725,-3.135293960571289,0.0021724982652813196,1.111926794052124,-0.00397969875484705,0.007423765957355499,-0.0009197258041240275,2000,1000,2000,1000,False
1890052,1890108,1890112,1890136000,-0.023892609402537346,0.2468317598104477,0.017303466796875,0.01744447834789753,-0.021212738007307053,-0.0036179868038743734,-0.03658611327409744,0.04131903499364853,-2.4640395641326904,-0.012089326046407223,-0.19393393397331238,-2.4807374477386475,-3.1354241371154785,0.0022698319517076015,1.1115765571594238,0.005824441090226173,0.0035420379135757685,0.006369201000779867,2000,1000,2000,1000,False
1890156,1890204,1890212,1890240000,-0.023705005645751953,0.24437372386455536,0.016082763671875,0.015920275822281837,-0.02070876769721508,-0.008501274511218071,-0.03658611327409744,0.04131903499364853,-2.4640395641326904,-0.01235662866383791,-0.19187192618846893,-2.4795472621917725,-3.1351864337921143,0.0024440516717731953,1.1113834381103516,0.0027741591911762953,0.0020274892449378967,0.0011933916248381138,2000,1000,2000,1000,False
1890252,1890308,1890312,1890336000,-0.023406732827425003,0.2421899288892746,0.014984130859375,0.012550529092550278,-0.021788787096738815,-0.008289617486298084,-0.03658611327409744,0.04131903499364853,-2.4640395641326904,-0.01274938602000475,-0.18962474167346954,-2.4784486293792725,-3.134878158569336,0.0028748991899192333,1.1112582683563232,-0.0018735412741079926,-0.008195116184651852,0.0019899928011000156,2000,1000,2000,1000,False
1890356,1890404,1890412,1890440000,-0.02322976104915142,0.24034163355827332,0.01385498046875,0.01120126061141491,-0.01942710019648075,-0.006410503294318914,-0.03658611327409744,0.04131903499364853,-2.4640395641326904,-0.012147336266934872,-0.18931180238723755,-2.4771668910980225,-3.1350839138031006,0.002886169822886586,1.1110895872116089,-0.00733338063582778,0.001145954942330718,0.01205942127853632,2000,1000,2000,1000,False
1890452,1890508,1890512,1890540000,-0.02413254976272583,0.2406378984451294,0.012359619140625,0.011302470229566097,-0.019951310008764267,-0.010105423629283905,-0.03658611327409744,0.04131903499364853,-2.4640395641326904,-0.011581082828342915,-0.18922394514083862,-2.4755799770355225,-3.135406732559204,0.0031227502040565014,1.1109367609024048,-0.003103021765127778,0.0013587658759206533,0.0007072490989230573,2000,1000,2000,1000,False
1890556,1890604,1890612,1890640000,-0.024452952668070793,0.24028965830802917,0.010833740234375,0.010671531781554222,-0.019277134910225868,-0.013074089772999287,-0.03658611327409744,0.04131903499364853,-2.4640395641326904,-0.011547216214239597,-0.18876959383487701,-2.4741761684417725,-3.1354942321777344,0.0031270342878997326,1.1108781099319458,-0.0016449346439912915,-0.0026959336828440428,-0.0034608361311256886,2000,1000,2000,1000,False
1890660,1890708,1890716,1890740000,-0.024281710386276245,0.23952408134937286,0.009307861328125,0.010432884097099304,-0.021328292787075043,-0.01352423895150423,-0.03658611327409744,0.04131903499364853,-2.4640395641326904,-0.011950029991567135,-0.18775220215320587,-2.4727113246917725,-3.135638475418091,0.0034211149904876947,1.1109507083892822,0.008787921629846096,-0.006834811996668577,0.010885353200137615,2000,1000,2000,1000,False
1890756,1890804,1890812,1890840000,-0.02396245300769806,0.23866403102874756,0.007965087890625,0.00989810936152935,-0.023662541061639786,-0.015152914449572563,-0.03658611327409744,0.04131903499364853,-2.4640395641326904,-0.011584593914449215,-0.18777458369731903,-2.4712464809417725,-3.135843276977539,0.003894863184541464,1.1111170053482056,-0.00934511050581932,0.0067481547594070435,-0.003776229452341795,2000,1000,2000,1000,False
1890852,1890908,1890912,1890940000,-0.024633219465613365,0.23896270990371704,0.00653076171875,0.009444990195333958,-0.02649306133389473,-0.014110156334936619,-0.03658611327409744,0.04131903499364853,-2.4640395641326904,-0.011246786452829838,-0.18754033744335175,-2.4697816371917725,-3.135544776916504,0.004034589510411024,1.1110587120056152,0.009840872138738632,-0.008249444887042046,-0.0001778943551471457,2000,1000,2000,1000,False
1890956,1891012,1891012,1891040000,-0.024684486910700798,0.23843145370483398,0.005096435546875,0.010537859983742237,-0.026226283982396126,-0.013921777717769146,-0.03658611327409744,0.04131903499364853,-2.4640395641326904,-0.011465602554380894,-0.186746746301651,-2.4685914516448975,-3.135338544845581,0.003678036853671074,1.1111445426940918,0.002734882989898324,-0.016568176448345184,-0.006757833529263735,2000,1000,2000,1000,False
1891060,1891108,1891112,1891140000,-0.02431999146938324,0.23734034597873688,0.004180908203125,0.00978720560669899,-0.025660177692770958,-0.010421437211334705,-0.03658611327409744,0.04131903499364853,-2.4640395641326904,-0.011929715983569622,-0.18557138741016388,-2.4678285121917725,-3.135220766067505,0.003928509075194597,1.1111783981323242,-0.003645337885245681,-0.006081881932914257,-0.004603443667292595,2000,1000,2000,1000,False
1891156,1891204,1891212,1891240000,-0.02398432046175003,0.23637160658836365,0.003662109375,0.009138649329543114,-0.028100457042455673,-0.010779149830341339,-0.03658611327409744,0.04131903499364853,-2.4640395641326904,-0.011575679294764996,-0.1858549416065216,-2.4680116176605225,-3.1352086067199707,0.004149807617068291,1.1117604970932007,-0.014457162469625473,-0.004294116981327534,-0.01235036738216877,2000,1000,2000,1000,False
1891260,1891308,1891316,1891340000,-0.024710439145565033,0.23717354238033295,0.0042724609375,0.009310075081884861,-0.03129095956683159,-0.009722256101667881,-0.03658611327409744,0.04131903499364853,-2.4640395641326904,-0.011122562922537327,-0.18602608144283295,-2.4685609340667725,-3.1354002952575684,0.004463394172489643,1.111974835395813,-0.015941809862852097,-0.006679800804704428,4.9062164180213585e-06,2000,1000,2000,1000,False
1891356,1891412,1891416,1891440000,-0.02499936893582344,0.2368556559085846,0.004852294921875,0.006274124141782522,-0.032599933445453644,-0.0072393473237752914,-0.03658611327409744,0.04131903499364853,-2.4640395641326904,-0.010873014107346535,-0.1851387470960617,-2.4693238735198975,-3.135291814804077,0.0042038834653794765,1.1114994287490845,0.001879578223451972,0.00895383208990097,0.00915081799030304,2000,1000,2000,1000,False
1891460,1891508,1891516,1891540000,-0.02520197257399559,0.23541295528411865,0.005615234375,0.004453529603779316,-0.03647245466709137,-0.005686311516910791,-0.03658611327409744,0.04131903499364853,-2.4640395641326904,-0.010762415826320648,-0.18344296514987946,-2.4699952602386475,-3.135786294937134,0.004324817564338446,1.1112022399902344,0.0009880166035145521,0.0187230221927166,0.002853709738701582,2000,1000,2000,1000,False
1891556,1891612,1891616,1891640000,-0.025430606678128242,0.2338961362838745,0.006103515625,0.005229594185948372,-0.0403943806886673,-0.0070260860957205296,-0.03658611327409744,0.04131903499364853,-2.4640395641326904,-0.010150822810828686,-0.18354441225528717,-2.4702699184417725,-3.136119842529297,0.00467036385089159,1.1114420890808105,-0.0023087181616574526,-0.0049216412007808685,-0.007462495472282171,2000,1000,2000,1000,False
1891660,1891708,1891716,1891740000,-0.0262069683521986,0.23462466895580292,0.00628662109375,0.004034609068185091,-0.04174158722162247,-0.005444728769361973,-0.03658611327409744,0.04131903499364853,-2.4640395641326904,-0.00965750403702259,-0.18341462314128876,-2.4703614711761475,-3.136202573776245,0.004378270357847214,1.1117360591888428,0.0107565363869071,-0.01215343177318573,-0.002909034490585327,2000,1000,2000,1000,False
1891756,1891812,1891816,1891840000,-0.02651992440223694,0.23381562530994415,0.006317138671875,0.004116961732506752,-0.04600292816758156,-0.003905506106093526,-0.03658611327409744,0.04131903499364853,-2.4640395641326904,-0.009452474303543568,-0.18196208775043488,-2.4704225063323975,-3.136054754257202,0.004821324720978737,1.111846685409546,0.0032638637349009514,0.0038039444480091333,-0.019342875108122826,2000,1000,2000,1000,False
1891860,1891908,1891912,1891940000,-0.02678060717880726,0.2318008840084076,0.006378173828125,-0.0009888396598398685,-0.047030482441186905,-0.0020812703296542168,-0.03658611327409744,0.04131903499364853,-2.4640395641326904,-0.009224087931215763,-0.1797439157962799,-2.4703919887542725,-3.1359944343566895,0.005027375649660826,1.1117887496948242,-0.014620858244597912,0.008976638317108154,-0.003849813248962164,2000,1000,2000,1000,False
1891956,1892004,1892012,1892040000,-0.027019718661904335,0.22960345447063446,0.006103515625,-1.2587726814672351e-05,-0.04978598281741142,-0.0013323237653821707,-0.03658611327409744,0.04131903499364853,-2.4640395641326904,-0.008714841678738594,-0.17863662540912628,-2.4695680141448975,-3.135852813720703,0.004735867027193308,1.1117109060287476,0.009642332792282104,-0.0008742415229789913,0.010259031318128109,2000,1000,2000,1000,False
1892052,1892108,1892112,1892140000,-0.027739739045500755,0.2287662774324417,0.005126953125,-0.001332333660684526,-0.05195198953151703,-0.0008732601418159902,-0.03658611327409744,0.04131903499364853,-2.4640395641326904,-0.008096660487353802,-0.177047461271286,-2.4688050746917725,-3.13542103767395,0.00475288974121213,1.1116827726364136,0.00662592938169837,0.005908813327550888,0.005321412347257137,2000,1000,2000,1000,False
1892156,1892204,1892212,1892240000,-0.028348656371235847,0.22640396654605865,0.004547119140625,-0.0016054331790655851,-0.05589986965060234,-0.0008215301786549389,-0.03658611327409744,0.04131903499364853,-2.4640395641326904,-0.007635603658854961,-0.17442697286605835,-2.4684998989105225,-3.1355316638946533,0.0046747890301048756,1.1114102602005005,-0.009908161126077175,0.0029184017330408096,0.01596609316766262,2000,1000,2000,1000,False
1892252,1892308,1892312,1892340000,-0.02879713475704193,0.2233402132987976,0.00439453125,-0.003540697740390897,-0.05336073786020279,0.0008548341575078666,-0.03658611327409744,0.04131903499364853,-2.4640395641326904,-0.007123796734958887,-0.17096646130084991,-2.4684083461761475,-3.135805606842041,0.004754222463816404,1.1112399101257324,0.001165779773145914,-0.006461659912019968,0.00678981514647603,2000,1000,2000,1000,False
1892356,1892404,1892412,1892440000,-0.02936478890478611,0.21997950971126556,0.004364013671875,-0.004779722075909376,-0.053928934037685394,-0.0005502607673406601,-0.03658611327409744,0.04131903499364853,-2.4640395641326904,-0.006567925680428743,-0.16936126351356506,-2.4685304164886475,-3.1352808475494385,0.004543587565422058,1.110805630683899,-0.020540183410048485,0.0012018746929243207,0.0036110312212258577,2000,1000,2000,1000,False
1892460,1892508,1892512,1892536000,-0.02990003488957882,0.21874672174453735,0.00445556640625,-0.0016717745456844568,-0.05466746538877487,-0.0016330709913745522,-0.03658611327409744,0.04131903499364853,-2.4640395641326904,-0.006350367795675993,-0.1675804853439331,-2.4683778285980225,-3.135526180267334,0.004302671644836664,1.1107449531555176,-0.0072663589380681515,-0.0003926040371879935,-0.006647314876317978,2000,1000,2000,1000,False
1892556,1892604,1892612,1892636000,-0.029842577874660492,0.21652203798294067,0.00408935546875,0.00024951505474746227,-0.05351310223340988,-0.0035391729325056076,-0.03658611327409744,0.04131903499364853,-2.4640395641326904,-0.006523926742374897,-0.16510707139968872,-2.4678590297698975,-3.1354217529296875,0.0045776814222335815,1.1107724905014038,0.0038141272962093353,0.00516132777556777,0.018407480791211128,2000,1000,2000,1000,False
1892660,1892708,1892712,1892740000,-0.02959149144589901,0.21329337358474731,0.003570556640625,-0.00041043059900403023,-0.05262697488069534,-0.002956937998533249,-0.03658611327409744,0.04131903499364853,-2.4640395641326904,-0.006794741842895746,-0.16169381141662598,-2.4674928188323975,-3.135531187057495,0.004374988377094269,1.1106877326965332,-0.006401411723345518,0.008558056317269802,-0.007727157324552536,2000,1000,2000,1000,False
1892756,1892804,1892812,1892836000,-0.029236190021038055,0.2107517421245575,0.003143310546875,0.0011959306430071592,-0.05487184599041939,-0.001508965389803052,-0.03658611327409744,0.04131903499364853,-2.4640395641326904,-0.007128730416297913,-0.16196209192276,-2.4665467739105225,-3.1359405517578125,0.004369023256003857,1.1109719276428223,-0.00995515938848257,-0.001313240616582334,-0.012484623119235039,2000,1000,2000,1000,False
1892852,1892908,1892912,1892940000,-0.028827184811234474,0.21227240562438965,0.001922607421875,0.0037142103537917137,-0.057157665491104126,-0.0011208669748157263,-0.03658611327409744,0.04131903499364853,-2.4640395641326904,-0.0076974197290837765,-0.16233885288238525,-2.4652955532073975,-3.1361372470855713,0.00394275551661849,1.1109704971313477,0.0073731448501348495,0.01390846911817789,0.0013009053654968739,2000,1000,2000,1000,False
1892956,1893004,1893012,1893036000,-0.028157968074083328,0.21176815032958984,0.00079345703125,0.0051284367218613625,-0.05707019194960594,6.427596235880628e-05,-0.03658611327409744,0.04131903499364853,-2.4640395641326904,-0.008355698548257351,-0.16120077669620514,-2.4644715785980225,-3.1364247798919678,0.0036840043030679226,1.1108319759368896,-0.006370942573994398,0.007187015376985073,0.003906243247911334,2000,1000,2000,1000,False
1893052,1893108,1893112,1893140000,-0.027320697903633118,0.20987728238105774,-3.0517578125e-05,0.008426711894571781,-0.059317559003829956,-0.004144818522036076,-0.03658611327409744,0.04131903499364853,-2.4640395641326904,-0.00943383015692234,-0.15833547711372375,-2.4634034633636475,-3.136385202407837,0.004119758028537035,1.1107425689697266,0.009228137321770191,-0.02442445047199726,0.0005944836884737015,2000,1000,2000,1000,False
1893156,1893204,1893212,1893240000,-0.026236023753881454,0.20729421079158783,-0.001007080078125,0.010762691497802734,-0.06400248408317566,-0.0027671554125845432,-0.03658611327409744,0.04131903499364853,-2.4640395641326904,-0.009904108941555023,-0.15884701907634735,-2.4629151821136475,-3.1362345218658447,0.003992638550698757,1.1111053228378296,0.0014092853525653481,0.003223069477826357,-0.01004176214337349,2000,1000,2000,1000,False
1893252,1893308,1893312,1893340000,-0.026071446016430855,0.20908184349536896,-0.00115966796875,0.007598801515996456,-0.06643115729093552,-0.0032681869342923164,-0.03658611327409744,0.04131903499364853,-2.4640395641326904,-0.010114372707903385,-0.1593698263168335,-2.4628541469573975,-3.136549234390259,0.003972919192165136,1.1110846996307373,-0.008381594903767109,0.000941471429541707,0.012802244164049625,2000,1000,2000,1000,False
1893356,1893404,1893412,1893440000,-0.025693673640489578,0.20860636234283447,-0.001251220703125,0.008354427292943,-0.06576915830373764,-0.0037718855310231447,-0.03658611327409744,0.04131903499364853,-2.4640395641326904,-0.010628730989992619,-0.15815362334251404,-2.4628236293792725,-3.1363213062286377,0.004098914097994566,1.1109439134597778,0.002997875213623047,-0.010968968272209167,-0.005740275140851736,2000,1000,2000,1000,False
1893452,1893508,1893512,1893536000,-0.025002360343933105,0.2067462056875229,-0.001312255859375,0.011856574565172195,-0.06391411274671555,-0.0040270546451210976,-0.03658611327409744,0.04131903499364853,-2.4640395641326904,-0.011450083926320076,-0.15554027259349823,-2.4625794887542725,-3.1364693641662598,0.003921240568161011,1.1110587120056152,-0.0062714507803320885,-0.010507959872484207,-0.008322574198246002,2000,1000,2000,1000,False
1893556,1893604,1893612,1893636000,-0.02449829690158367,0.20435793697834015,-0.001617431640625,0.010525669902563095,-0.06645016372203827,-0.003378863912075758,-0.03658611327409744,0.04131903499364853,-2.4640395641326904,-0.011055192910134792,-0.15604537725448608,-2.4623658657073975,-3.136364221572876,0.0038101603277027607,1.1106297969818115,0.004325038753449917,0.0024516647681593895,0.013385063037276268,2000,1000,2000,1000,False
1893652,1893708,1893712,1893740000,-0.02522761933505535,0.20615093410015106,-0.00164794921875,0.012121319770812988,-0.06612075120210648,-0.003085287055000663,-0.03658611327409744,0.04131903499364853,-2.4640395641326904,-0.010756495408713818,-0.15660233795642853,-2.4624269008636475,-3.1367552280426025,0.003868934465572238,1.1103013753890991,-0.00225825235247612,0.004693263676017523,0.009347260929644108,2000,1000,2000,1000,False
1893756,1893804,1893812,1893840000,-0.0251409150660038,0.20573878288269043,-0.00152587890625,0.013175525702536106,-0.06435511261224747,-0.002540390007197857,-0.03658611327409744,0.04131903499364853,-2.4640395641326904,-0.011028813198208809,-0.1554572880268097,-2.4625489711761475,-3.1367859840393066,0.003652304643765092,1.1101564168930054,-0.015586118213832378,-0.0060100192204117775,0.006803182885050774,2000,1000,2000,1000,False
1893852,1893908,1893912,1893940000,-0.024767285212874413,0.20374757051467896,-0.001434326171875,0.012321540154516697,-0.06645957380533218,-0.0010704162996262312,-0.03658611327409744,0.04131903499364853,-2.4640395641326904,-0.011560422368347645,-0.1525714248418808,-2.4626100063323975,-3.136348009109497,0.0032119425013661385,1.1101744174957275,-0.006624775473028421,0.0064848363399505615,0.010478107258677483,2000,1000,2000,1000,False
1893956,1894004,1894012,1894040000,-0.024431532248854637,0.20146790146827698,-0.00164794921875,0.016229119151830673,-0.06802129000425339,-0.005211238283663988,-0.03658611327409744,0.04131903499364853,-2.4640395641326904,-0.010873980820178986,-0.15396395325660706,-2.4619081020355225,-3.1363415718078613,0.002634650794789195,1.1100178956985474,0.00727003114297986,0.02062123268842697,-0.009781516157090664,2000,1000,2000,1000,False
1894052,1894108,1894112,1894140000,-0.02565775439143181,0.2045798897743225,-0.002685546875,0.014907176606357098,-0.06710035353899002,-0.010320274159312248,-0.03658611327409744,0.04131903499364853,-2.4640395641326904,-0.010022706352174282,-0.15560203790664673,-2.4606568813323975,-3.136502742767334,0.0021420379634946585,1.110040545463562,-0.017767881974577904,0.004565752111375332,0.007833316922187805,2000,1000,2000,1000,False
1894156,1894204,1894212,1894240000,-0.026097409427165985,0.20488694310188293,-0.00408935546875,0.019661514088511467,-0.07108619809150696,-0.014052800834178925,-0.03658611327409744,0.04131903499364853,-2.4640395641326904,-0.01014212891459465,-0.15464140474796295,-2.4591004848480225,-3.13698410987854,0.0020521441474556923,1.109609842300415,-0.0022060158662497997,-0.002074137795716524,0.01632799580693245,2000,1000,2000,1000,False
1894252,1894308,1894312,1894340000,-0.025453275069594383,0.20283861458301544,-0.0057373046875,0.021323146298527718,-0.0721617266535759,-0.014764102175831795,-0.03658611327409744,0.04131903499364853,-2.4640395641326904,-0.011185319162905216,-0.151749849319458,-2.4574830532073975,-3.1373560428619385,0.002101027173921466,1.1099011898040771,-0.007223154883831739,0.003791168797761202,0.00013920078345108777,2000,1000,2000,1000,False
1894356,1894404,1894412,1894436000,-0.024371523410081863,0.20073385536670685,-0.007080078125,0.02326919510960579,-0.07007750123739243,-0.012259161099791527,-0.03658611327409744,0.04131903499364853,-2.4640395641326904,-0.011727094650268555,-0.1534826159477234,-2.4567201137542725,-3.1373445987701416,0.001960416091606021,1.1100026369094849,0.013875479809939861,0.008580169640481472,-0.006213847082108259,2000,1000,2000,1000,False
1894452,1894508,1894512,1894540000,-0.023842299357056618,0.2043532431125641,-0.007659912109375,0.026800276711583138,-0.06433571130037308,-0.012090104632079601,-0.03658611327409744,0.04131903499364853,-2.4640395641326904,-0.012828327715396881,-0.15588106215000153,-2.4559571743011475,-3.137869358062744,0.0019029765389859676,1.1096343994140625,-0.02018125355243683,-0.002144562778994441,0.01950228027999401,2000,1000,2000,1000,False
1894556,1894604,1894612,1894640000,-0.022296663373708725,0.2057357132434845,-0.008544921875,0.028915639966726303,-0.06286406517028809,-0.013212473131716251,-0.03658611327409744,0.04131903499364853,-2.4640395641326904,-0.014487778767943382,-0.15604059398174286,-2.4549195766448975,-3.137791156768799,0.0017638052813708782,1.1097687482833862,-0.014007633551955223,-0.006711467169225216,0.017248883843421936,2000,1000,2000,1000,False
1894652,1894708,1894712,1894740000,-0.020245663821697235,0.20497548580169678,-0.00970458984375,0.032289281487464905,-0.06303531676530838,-0.014901867136359215,-0.03658611327409744,0.04131903499364853,-2.4640395641326904,-0.01681840978562832,-0.1543446183204651,-2.4535768032073975,-3.138002872467041,0.0013851779513061047,1.1095025539398193,-0.006212477572262287,-0.005050132982432842,0.012462974525988102,2000,1000,2000,1000,False
1894756,1894804,1894812,1894840000,-0.017765896394848824,0.20367446541786194,-0.011138916015625,0.03581070527434349,-0.06284143775701523,-0.018996968865394592,-0.03658611327409744,0.04131903499364853,-2.4640395641326904,-0.01873045414686203,-0.1559295356273651,-2.4523255825042725,-3.1378819942474365,0.0016314458334818482,1.109727382659912,-0.00024592006229795516,-0.0073316958732903,0.008872016333043575,2000,1000,2000,1000,False
1894852,1894908,1894912,1894936000,-0.01572178304195404,0.20655183494091034,-0.01239013671875,0.04088415578007698,-0.05964486300945282,-0.01787516474723816,-0.03658611327409744,0.04131903499364853,-2.4640395641326904,-0.021313007920980453,-0.1575288325548172,-2.4508607387542725,-3.1377451419830322,0.0016053022118285298,1.1097383499145508,-0.000628387089818716,0.0005660796887241304,-0.014229495078325272,2000,1000,2000,1000,False
1894956,1895004,1895012,1895040000,-0.012526378035545349,0.20717713236808777,-0.013824462890625,0.045294854789972305,-0.056667134165763855,-0.01803860254585743,-0.03658611327409744,0.04131903499364853,-2.4640395641326904,-0.02451818622648716,-0.1571909785270691,-2.4495179653167725,-3.1374194622039795,0.0014746430097147822,1.1098192930221558,0.006431221030652523,0.005249824374914169,0.0032264154870063066,2000,1000,2000,1000,False
1895052,1895108,1895112,1895136000,-0.00889567844569683,0.20606742799282074,-0.015167236328125,0.04949752613902092,-0.05491261929273605,-0.018149882555007935,-0.03658611327409744,0.04131903499364853,-2.4640395641326904,-0.02861824259161949,-0.15536244213581085,-2.4482057094573975,-3.1377201080322266,0.0015203868970274925,1.1100934743881226,0.0002857424260582775,-0.0002120764838764444,-0.007489876355975866,2000,1000,2000,1000,False
1895156,1895204,1895212,1895236000,-0.0051107266917824745,0.20479649305343628,-0.016326904296875,0.0567641519010067,-0.05172450840473175,-0.01687868870794773,-0.03658611327409744,0.04131903499364853,-2.4640395641326904,-0.02975434809923172,-0.15700040757656097,-2.4472901821136475,-3.137258768081665,0.0017566746100783348,1.110224962234497,-0.004472683183848858,0.0029511256143450737,-0.008657384663820267,2000,1000,2000,1000,False
1895252,1895308,1895312,1895336000,-0.005000349134206772,0.20772887766361237,-0.01727294921875,0.056416574865579605,-0.050991836935281754,-0.017509065568447113,-0.03658611327409744,0.04131903499364853,-2.4640395641326904,-0.03058658167719841,-0.15871106088161469,-2.4461305141448975,-3.1371471881866455,0.0019135962938889861,1.1105310916900635,0.0022450401447713375,0.0034269411116838455,-0.007038265932351351,2000,1000,2000,1000,False
1895356,1895404,1895412,1895436000,-0.0035970776807516813,0.2085060030221939,-0.0184326171875,0.05392458662390709,-0.04819896072149277,-0.015081449411809444,-0.03658611327409744,0.04131903499364853,-2.4640395641326904,-0.032320499420166016,-0.15863169729709625,-2.4450929164886475,-3.1369779109954834,0.0015240056673064828,1.1107988357543945,-0.011917617172002792,0.01410424243658781,-0.005752548575401306,2000,1000,2000,1000,False
1895452,1895508,1895512,1895540000,-0.0013211395125836134,0.20776702463626862,-0.019561767578125,0.05467832460999489,-0.0464027002453804,-0.016163604333996773,-0.03658611327409744,0.04131903499364853,-2.4640395641326904,-0.03511770814657211,-0.15717102587223053,-2.4436585903167725,-3.1364996433258057,0.001562863471917808,1.1107509136199951,0.0028403017204254866,-0.012027791701257229,0.00536904064938426,2000,1000,2000,1000,False
1895556,1895604,1895612,1895640000,0.0007684736629016697,0.20700305700302124,-0.020904541015625,0.054267872124910355,-0.04627014696598053,-0.016243642196059227,-0.03658611327409744,0.04131903499364853,-2.4640395641326904,-0.03390876203775406,-0.15979023277759552,-2.4430177211761475,-3.1363742351531982,0.0014178726123645902,1.110331654548645,-0.010451123118400574,0.005431056953966618,0.01657269522547722,2000,1000,2000,1000,False
1895652,1895708,1895712,1895736000,-0.0019860384054481983,0.21135571599006653,-0.02093505859375,0.053640611469745636,-0.043971385806798935,-0.012605932541191578,-0.03658611327409744,0.04131903499364853,-2.4640395641326904,-0.03224046900868416,-0.16285331547260284,-2.4430482387542725,-3.136173963546753,0.0006153884460218251,1.1101438999176025,-0.0020277926232665777,0.0014650172088295221,0.008749612607061863,2000,1000,2000,1000,False
1895756,1895804,1895812,1895840000,-0.002695993520319462,0.21348784863948822,-0.021240234375,0.05561527609825134,-0.039407044649124146,-0.014073108322918415,-0.03658611327409744,0.04131903499364853,-2.4640395641326904,-0.03246542066335678,-0.16395416855812073,-2.4424684047698975,-3.1361660957336426,0.0004960091318935156,1.1107491254806519,0.0025828697253018618,-0.007319689728319645,-0.006571336183696985,2000,1000,2000,1000,False
1895852,1895908,1895912,1895936000,-0.0017240013694390655,0.21391715109348297,-0.022064208984375,0.05842022970318794,-0.03861575946211815,-0.0174925085157156,-0.03658611327409744,0.04131903499364853,-2.4640395641326904,-0.03431214764714241,-0.1636468768119812,-2.4412782192230225,-3.13584303855896,0.0003574313595890999,1.110776424407959,-0.0013818981824442744,0.006327945273369551,0.00016004021745175123,2000,1000,2000,1000,False
1895956,1896004,1896012,1896040000,-0.00030318766948767006,0.214115709066391,-0.023284912109375,0.05623368173837662,-0.03817525878548622,-0.017579160630702972,-0.03658611327409744,0.04131903499364853,-2.4640395641326904,-0.03307163342833519,-0.16633915901184082,-2.4406068325042725,-3.1362736225128174,-0.00029031955637037754,1.110836148262024,-0.01687445491552353,0.022747060284018517,-0.00023648678325116634,2000,1000,2000,1000,False
1896052,1896108,1896112,1896136000,-0.0025668502785265446,0.21813389658927917,-0.023681640625,0.05796239525079727,-0.034786295145750046,-0.016580864787101746,-0.03658611327409744,0.04131903499364853,-2.4640395641326904,-0.032225340604782104,-0.16943185031414032,-2.4399964809417725,-3.1365408897399902,-0.00034590205177664757,1.1105446815490723,0.0008195728878490627,-0.0120210200548172,0.0013272197684273124,2000,1000,2000,1000,False
1896156,1896204,1896212,1896240000,-0.00223412923514843,0.22062256932258606,-0.0245361328125,0.06131609156727791,-0.02908794768154621,-0.016772160306572914,-0.03658611327409744,0.04131903499364853,-2.4640395641326904,-0.03337947651743889,-0.17097888886928558,-2.4390199184417725,-3.136241912841797,-0.00022856052964925766,1.1106406450271606,0.0053023225627839565,-0.009794334881007671,0.007953763008117676,2000,1000,2000,1000,False
1896252,1896308,1896312,1896336000,-0.00031643654801882803,0.22170308232307434,-0.025604248046875,0.06057353690266609,-0.025522999465465546,-0.01840686798095703,-0.03658611327409744,0.04131903499364853,-2.4640395641326904,-0.036029063165187836,-0.17152418196201324,-2.4377076625823975,-3.1363983154296875,-0.00034922268241643906,1.1103097200393677,-0.010206487961113453,0.0022905347868800163,0.00020897215290460736,2000,1000,2000,1000,False
1896356,1896404,1896412,1896436000,0.0018425999442115426,0.2227511703968048,-0.0267333984375,0.06276865303516388,-0.021430451422929764,-0.01481513399630785,-0.03658611327409744,0.04131903499364853,-2.4640395641326904,-0.035212043672800064,-0.17454186081886292,-2.4371583461761475,-3.1364126205444336,-0.00033484818413853645,1.1105891466140747,-0.006151653826236725,0.0017128292238339782,-0.005843406543135643,2000,1000,2000,1000,False
1896452,1896508,1896512,1896536000,-0.0002568304189480841,0.22684015333652496,-0.027008056640625,0.06224372982978821,-0.020386340096592903,-0.01643415167927742,-0.03658611327409744,0.04131903499364853,-2.4640395641326904,-0.03427008166909218,-0.17782652378082275,-2.4367616176605225,-3.1359424591064453,-0.0008377374615520239,1.1107866764068604,0.005244937725365162,0.01809096522629261,-0.0006148690590634942,2000,1000,2000,1000,False
1896556,1896604,1896612,1896636000,-0.0002880488464143127,0.2296309471130371,-0.027557373046875,0.061884861439466476,-0.015372923575341702,-0.014420916326344013,-0.03658611327409744,0.04131903499364853,-2.4640395641326904,-0.03507409244775772,-0.17971178889274597,-2.4361512660980225,-3.1353585720062256,-0.0008942567510530353,1.1100614070892334,0.008089258335530758,-0.003193547250702977,0.009668147191405296,2000,1000,2000,1000,False
1896652,1896708,1896712,1896736000,0.001365614589303732,0.23117128014564514,-0.0283203125,0.061352651566267014,-0.012090252712368965,-0.0167162474244833,-0.03658611327409744,0.04131903499364853,-2.4640395641326904,-0.03749340400099754,-0.18081830441951752,-2.4352052211761475,-3.1352312564849854,-0.0008683941559866071,1.1095547676086426,-0.006311578676104546,0.004043353721499443,0.0021366956643760204,2000,1000,2000,1000,False
1896756,1896804,1896812,1896836000,0.002895042998716235,0.23262204229831696,-0.029022216796875,0.063365638256073,-0.008454259485006332,-0.01593880169093609,-0.03658611327409744,0.04131903499364853,-2.4640395641326904,-0.03516358509659767,-0.18368402123451233,-2.4354188442230225,-3.1349501609802246,-0.0005117855034768581,1.1099178791046143,0.0048643434420228004,-0.002702201483771205,-0.0016320878639817238,2000,1000,2000,1000,False
1896852,1896908,1896912,1896936000,-0.0014097228413447738,0.2364707589149475,-0.02838134765625,0.057862963527441025,-0.0026549561880528927,-0.014275643043220043,-0.03658611327409744,0.04131903499364853,-2.4640395641326904,-0.03207860141992569,-0.18712782859802246,-2.4357545375823975,-3.135077476501465,-0.00035435776226222515,1.1105730533599854,-0.009889115579426289,0.0011573326773941517,-0.0007095237378962338,2000,1000,2000,1000,False
1896956,1897004,1897012,1897036000,-0.0035025812685489655,0.23964986205101013,-0.0284423828125,0.055702731013298035,0.002957193413749337,-0.016980594024062157,-0.03658611327409744,0.04131903499364853,-2.4640395641326904,-0.0312100388109684,-0.18961794674396515,-2.4353883266448975,-3.135122537612915,-0.0006557612796314061,1.1104817390441895,0.001349924597889185,-0.011290816590189934,-0.01019242126494646,2000,1000,2000,1000,False
1897052,1897108,1897112,1897136000,-0.003566308179870248,0.24201519787311554,-0.029022216796875,0.0542602576315403,0.006828624289482832,-0.020191652700304985,-0.03658611327409744,0.04131903499364853,-2.4640395641326904,-0.032004788517951965,-0.1917143166065216,-2.4345033168792725,-3.135249376296997,-0.0010330190416425467,1.1105127334594727,-0.010434306226670742,0.006157632917165756,0.002721018623560667,2000,1000,2000,1000,False
1897156,1897204,1897212,1897236000,-0.0030606475193053484,0.2440336048603058,-0.02972412109375,0.05539177730679512,0.008265466429293156,-0.017678815871477127,-0.03658611327409744,0.04131903499364853,-2.4640395641326904,-0.03024362213909626,-0.19363181293010712,-2.4345643520355225,-3.1354784965515137,-0.0007698145345784724,1.1105149984359741,-0.0047298152931034565,0.0017189702484756708,0.006565858144313097,2000,1000,2000,1000,False
1897252,1897308,1897312,1897336000,-0.00577953364700079,0.24623683094978333,-0.029327392578125,0.055510297417640686,0.013260547071695328,-0.01635071635246277,-0.03658611327409744,0.04131903499364853,-2.4640395641326904,-0.02883876860141754,-0.1957302689552307,-2.4346864223480225,-3.1352651119232178,-0.0012020813301205635,1.1097909212112427,0.0032316732686012983,0.015836557373404503,-0.0020741564221680164,2000,1000,2000,1000,False
1897356,1897404,1897412,1897436000,-0.006135525181889534,0.2481239289045334,-0.029571533203125,0.054758310317993164,0.012879865244030952,-0.01491109374910593,-0.03658611327409744,0.04131903499364853,-2.4640395641326904,-0.029390018433332443,-0.19715000689029694,-2.4342286586761475,-3.1349315643310547,-0.001460833940654993,1.1093803644180298,0.012584833428263664,0.0022500024642795324,-0.01606466807425022,2000,1000,2000,1000,False
1897452,1897508,1897512,1897536000,-0.004736815579235554,0.24952441453933716,-0.03021240234375,0.056272633373737335,0.01540064811706543,-0.014609071426093578,-0.03658611327409744,0.04131903499364853,-2.4640395641326904,-0.03167547658085823,-0.19852815568447113,-2.4332520961761475,-3.1344125270843506,-0.0012392090866342187,1.1093127727508545,0.008663522079586983,-0.00881885550916195,-0.0022696855012327433,2000,1000,2000,1000,False
1897556,1897604,1897612,1897636000,-0.002810522448271513,0.250932902097702,-0.03118896484375,0.057618334889411926,0.016177715733647346,-0.016338543966412544,-0.03658611327409744,0.04131903499364853,-2.4640395641326904,-0.03084617294371128,-0.19963966310024261,-2.4325501918792725,-3.1343677043914795,-0.0011406510602682829,1.1091949939727783,0.012408762238919735,-0.011710431426763535,-0.007087303791195154,2000,1000,2000,1000,False
1897652,1897708,1897712,1897740000,-0.004937937017530203,0.25195997953414917,-0.032012939453125,0.05415024235844612,0.014980223961174488,-0.020108796656131744,-0.03658611327409744,0.04131903499364853,-2.4640395641326904,-0.029737183824181557,-0.20058301091194153,-2.4312684535980225,-3.134274482727051,-0.0016078792978078127,1.109441876411438,-0.0023577099200338125,-0.0030535010155290365,-0.002451591892167926,2000,1000,2000,1000,False
1897756,1897804,1897812,1897836000,-0.00510653480887413,0.25284308195114136,-0.033477783203125,0.05498411878943443,0.01579895243048668,-0.01873762533068657,-0.03658611327409744,0.04131903499364853,-2.4640395641326904,-0.030527550727128983,-0.20130598545074463,-2.4298646450042725,-3.134493589401245,-0.0017820658395066857,1.109433650970459,-0.0012174051953479648,0.0003048342769034207,-0.00018320012895856053,2000,1000,2000,1000,False
1897860,1897908,1897912,1897936000,-0.0032680414151400328,0.2537802755832672,-0.035064697265625,0.05616067722439766,0.02047969214618206,-0.01886894926428795,-0.03658611327409744,0.04131903499364853,-2.4640395641326904,-0.03292956203222275,-0.20240376889705658,-2.4282777309417725,-3.134561777114868,-0.0020777415484189987,1.1097625494003296,-0.0049285064451396465,-0.01044633612036705,-0.007723913993686438,2000,1000,2000,1000,False
1897956,1898004,1898012,1898036000,-0.001484323525801301,0.2551621198654175,-0.0360107421875,0.05561163276433945,0.024051925167441368,-0.015281974337995052,-0.03658611327409744,0.04131903499364853,-2.4640395641326904,-0.03199218213558197,-0.20416885614395142,-2.4286134243011475,-3.1343791484832764,-0.0024770379532128572,1.1096594333648682,0.007934764958918095,-0.011112796142697334,-0.008742417208850384,2000,1000,2000,1000,False
1898052,1898108,1898112,1898136000,-0.0038566405419260263,0.2573341131210327,-0.03497314453125,0.05194035544991493,0.027755187824368477,-0.013560131192207336,-0.03658611327409744,0.04131903499364853,-2.4640395641326904,-0.03060602955520153,-0.20642471313476562,-2.4294373989105225,-3.134047746658325,-0.0024723473470658064,1.1102075576782227,0.005801551975309849,0.010241871699690819,-0.0056820339523255825,2000,1000,2000,1000,False
1898156,1898204,1898212,1898240000,-0.004238606430590153,0.259782999753952,-0.034271240234375,0.05341407284140587,0.031336210668087006,-0.010283139534294605,-0.03658611327409744,0.04131903499364853,-2.4640395641326904,-0.031272877007722855,-0.20863699913024902,-2.4299867153167725,-3.1336891651153564,-0.0028771639335900545,1.1101351976394653,0.003789350390434265,0.012008844874799252,-0.0014612468658015132,2000,1000,2000,1000,False
1898252,1898308,1898312,1898340000,-0.002758878981694579,0.2620910406112671,-0.033966064453125,0.05519251152873039,0.029892871156334877,-0.012221375480294228,-0.03658611327409744,0.04131903499364853,-2.4640395641326904,-0.03356995806097984,-0.21098363399505615,-2.4302003383636475,-3.133924722671509,-0.0028354544192552567,1.1104297637939453,-0.00835959892719984,0.003477043006569147,-0.016276154667139053,2000,1000,2000,1000,False
1898356,1898404,1898412,1898440000,-0.0004458098264876753,0.2644248306751251,-0.03350830078125,0.06186101585626602,0.034350212663412094,-0.011518809013068676,-0.03658611327409744,0.04131903499364853,-2.4640395641326904,-0.033843744546175,-0.21275311708450317,-2.4312684535980225,-3.1339197158813477,-0.003428953466936946,1.110511064529419,-0.00439836923032999,0.017710719257593155,0.012906352989375591,2000,1000,2000,1000,False
1898452,1898508,1898512,1898540000,-0.0009355783695355058,0.2662346065044403,-0.03216552734375,0.06277403980493546,0.038650304079055786,-0.008968263864517212,-0.03658611327409744,0.04131903499364853,-2.4640395641326904,-0.034370049834251404,-0.2149367332458496,-2.4325501918792725,-3.1338865756988525,-0.003578983014449477,1.1108965873718262,-0.0006325009162537754,0.014071597717702389,-0.011860872618854046,2000,1000,2000,1000,False
1898556,1898604,1898616,1898640000,0.0004107315617147833,0.2689317464828491,-0.031005859375,0.060720331966876984,0.04639279469847679,-0.006151117850095034,-0.03658611327409744,0.04131903499364853,-2.4640395641326904,-0.03621850162744522,-0.21771177649497986,-2.4335877895355225,-3.133287191390991,-0.0036505975294858217,1.1115176677703857,0.00415545329451561,-0.0009182118228636682,-0.0016138834180310369,2000,1000,2000,1000,False
1898660,1898708,1898712,1898740000,0.003225794294849038,0.2725270986557007,-0.029754638671875,0.06309795379638672,0.05177098512649536,-0.0028816787526011467,-0.03658611327409744,0.04131903499364853,-2.4640395641326904,-0.03960185497999191,-0.2214653491973877,-2.4347779750823975,-3.1330437660217285,-0.004007924813777208,1.1111218929290771,-0.005023568402975798,0.003936281893402338,0.0007285305764526129,2000,1000,2000,1000,False
1898756,1898804,1898812,1898840000,0.005761633161455393,0.2756790518760681,-0.028594970703125,0.06509547680616379,0.055307671427726746,-0.0007931435247883201,-0.03658611327409744,0.04131903499364853,-2.4640395641326904,-0.03857392817735672,-0.22262699902057648,-2.4364259243011475,-3.1330008506774902,-0.0041564712300896645,1.1112107038497925,-0.016325591132044792,0.008065787144005299,0.0047971210442483425,2000,1000,2000,1000,False
1898852,1898908,1898912,1898940000,0.0028802305459976196,0.27610018849372864,-0.026702880859375,0.06033557280898094,0.05917444825172424,0.0017854991601780057,-0.03658611327409744,0.04131903499364853,-2.4640395641326904,-0.03691300377249718,-0.22392061352729797,-2.4382569789886475,-3.13271427154541,-0.00428642425686121,1.1112269163131714,0.010525716468691826,-0.0042806630954146385,-0.01897800900042057,2000,1000,2000,1000,False
1898956,1899004,1899012,1899040000,0.002291254233568907,0.27812081575393677,-0.025146484375,0.05963198468089104,0.06402378529310226,0.0012021322036162019,-0.03658611327409744,0.04131903499364853,-2.4640395641326904,-0.03732343018054962,-0.22635872662067413,-2.4393861293792725,-3.132817268371582,-0.004355185199528933,1.1116571426391602,0.0082890335470438,0.0009945357451215386,0.004146671388298273,2000,1000,2000,1000,False
1899060,1899108,1899116,1899136000,0.0036438496317714453,0.2816718816757202,-0.024200439453125,0.05987931042909622,0.06934700161218643,0.0009519946179352701,-0.03658611327409744,0.04131903499364853,-2.4640395641326904,-0.03932301700115204,-0.2302209585905075,-2.4402406215667725,-3.1327059268951416,-0.004202792886644602,1.1119120121002197,-0.009880679659545422,-0.0070847137831151485,0.0013136658817529678,2000,1000,2000,1000,False
1899156,1899204,1899212,1899240000,0.004947441164404154,0.284751296043396,-0.023681640625,0.05817828327417374,0.07232747226953506,-0.0021995939314365387,-0.03658611327409744,0.04131903499364853,-2.4640395641326904,-0.03784209117293358,-0.2306089550256729,-2.4402101039886475,-3.1324667930603027,-0.0040207416750490665,1.1124904155731201,-0.013930106535553932,0.010624921880662441,0.007276621181517839,2000,1000,2000,1000,False
1899260,1899308,1899312,1899340000,0.0021538829896599054,0.2840266525745392,-0.02410888671875,0.058300480246543884,0.07394147664308548,-0.0032455092296004295,-0.03658611327409744,0.04131903499364853,-2.4640395641326904,-0.03645171597599983,-0.2310808300971985,-2.4395997524261475,-3.132321834564209,-0.0036968025378882885,1.1130107641220093,-0.004138894844800234,-0.008008190430700779,-0.0040939925238490105,2000,1000,2000,1000,False
1899356,1899404,1899412,1899440000,0.0018630805425345898,0.28556424379348755,-0.02490234375,0.05600769817829132,0.07901302725076675,-0.004157624673098326,-0.03658611327409744,0.04131903499364853,-2.4640395641326904,-0.03688611090183258,-0.23343218863010406,-2.4386842250823975,-3.132308006286621,-0.003475553821772337,1.113565444946289,0.00650683743879199,-0.009428839199244976,0.0036227875389158726,2000,1000,2000,1000,False
1899452,1899508,1899512,1899540000,0.0029367017559707165,0.28887659311294556,-0.025604248046875,0.052747100591659546,0.08367881178855896,-0.0041414061561226845,-0.03658611327409744,0.04131903499364853,-2.4640395641326904,-0.03869098052382469,-0.2376394271850586,-2.4381654262542725,-3.132202625274658,-0.0032197211403399706,1.1136529445648193,0.0016053490107879043,-0.004326839465647936,-0.0011096285888925195,2000,1000,2000,1000,False
1899556,1899604,1899612,1899640000,0.0038567862939089537,0.29266518354415894,-0.0260009765625,0.050735339522361755,0.08960700035095215,-0.002632675925269723,-0.03658611327409744,0.04131903499364853,-2.4640395641326904,-0.035793889313936234,-0.23776808381080627,-2.4381654262542725,-3.1320464611053467,-0.0032769569661468267,1.1134462356567383,-0.0065655396319925785,-0.019815659150481224,0.01095552183687687,2000,1000,2000,1000,False
1899652,1899708,1899712,1899740000,-0.0008742223144508898,0.29121512174606323,-0.02569580078125,0.04988326132297516,0.08809211850166321,0.00032192468643188477,-0.03658611327409744,0.04131903499364853,-2.4640395641326904,-0.03262953832745552,-0.2378292679786682,-2.4385621547698975,-3.132087230682373,-0.0032580860424786806,1.1138474941253662,0.004203799180686474,0.007190030068159103,0.00022170829470269382,2000,1000,2000,1000,False
1899756,1899804,1899812,1899840000,-0.002763676457107067,0.29273509979248047,-0.025390625,0.05264841392636299,0.09260135143995285,-0.0005532893701456487,-0.03658611327409744,0.04131903499364853,-2.4640395641326904,-0.032117608934640884,-0.24027195572853088,-2.4386842250823975,-3.132107734680176,-0.002943465718999505,1.1141263246536255,0.003934675361961126,0.023289673030376434,-0.006427588406950235,2000,1000,2000,1000,False
1899852,1899908,1899912,1899940000,-0.0023595087695866823,0.29624828696250916,-0.025390625,0.05192236229777336,0.09657491743564606,-0.0024450167547911406,-0.03658611327409744,0.04131903499364853,-2.4640395641326904,-0.03331390395760536,-0.2448984533548355,-2.4386842250823975,-3.131775140762329,-0.0027837001252919436,1.1147310733795166,0.01090523786842823,0.005039114970713854,-0.00636179419234395,2000,1000,2000,1000,False
1899956,1900004,1900012,1900040000,-0.0016484479419887066,0.3002682030200958,-0.025115966796875,0.0482654795050621,0.10023947060108185,-0.0015286448178812861,-0.03658611327409744,0.04131903499364853,-2.4640395641326904,-0.03153422102332115,-0.2445378452539444,-2.4392640590667725,-3.1319289207458496,-0.0027219720650464296,1.114915132522583,0.002062787301838398,-0.004788258578628302,0.002500351285561919,2000,1000,2000,1000,False
1900052,1900108,1900112,1900140000,-0.004630604293197393,0.29810214042663574,-0.0245361328125,0.043256986886262894,0.10076671093702316,-0.002359254052862525,-0.03658611327409744,0.04131903499364853,-2.4640395641326904,-0.029550930485129356,-0.2441343069076538,-2.4396607875823975,-3.1320438385009766,-0.0024605931248515844,1.1149263381958008,-0.008540770038962364,0.015273098833858967,0.005056984722614288,2000,1000,2000,1000,False
1900156,1900204,1900212,1900240000,-0.005764238070696592,0.2991335391998291,-0.02423095703125,0.04074801132082939,0.10158671438694,-0.003986333031207323,-0.03658611327409744,0.04131903499364853,-2.4640395641326904,-0.029309790581464767,-0.2462887018918991,-2.4398744106292725,-3.1316657066345215,-0.0028827812056988478,1.114519476890564,-0.001616187277249992,0.007536566816270351,-0.0024729431606829166,2000,1000,2000,1000,False
1900252,1900308,1900312,1900340000,-0.005327064078301191,0.3024897575378418,-0.024200439453125,0.039767391979694366,0.10342230647802353,-0.00666425283998251,-0.03658611327409744,0.04131903499364853,-2.4640395641326904,-0.03046613559126854,-0.2507511079311371,-2.4397523403167725,-3.1319210529327393,-0.0027532235253602266,1.114932656288147,-0.001379000605084002,-0.01184307225048542,0.0015569365350529552,2000,1000,2000,1000,False
1900356,1900404,1900412,1900440000,-0.004495267756283283,0.30619364976882935,-0.02410888671875,0.03802410513162613,0.10597514361143112,-0.005975861568003893,-0.03658611327409744,0.04131903499364853,-2.4640395641326904,-0.02907411754131317,-0.24970097839832306,-2.4404847621917725,-3.1315605640411377,-0.00257862382568419,1.1152348518371582,0.00624272832646966,-0.0038059984799474478,0.007563916500657797,2000,1000,2000,1000,False
1900452,1900508,1900512,1900540000,-0.007066756021231413,0.3031230866909027,-0.023193359375,0.03250878304243088,0.10445219278335571,-0.006940141320228577,-0.03658611327409744,0.04131903499364853,-2.4640395641326904,-0.027280718088150024,-0.24847236275672913,-2.4410035610198975,-3.131502151489258,-0.002307275775820017,1.1155205965042114,-0.002674056449905038,-0.005348776001483202,-0.006614311132580042,2000,1000,2000,1000,False
1900556,1900604,1900612,1900640000,-0.008160363882780075,0.3033889830112457,-0.023101806640625,0.030434831976890564,0.1020553708076477,-0.011881130747497082,-0.03658611327409744,0.04131903499364853,-2.4640395641326904,-0.026929715648293495,-0.2500956356525421,-2.4408509731292725,-3.13193941116333,-0.0025380945298820734,1.1156176328659058,0.0024514985270798206,-0.004129225388169289,0.01667105033993721,2000,1000,2000,1000,False
1900652,1900708,1900712,1900740000,-0.008036637678742409,0.3063148260116577,-0.02337646484375,0.028276467695832253,0.10437911003828049,-0.009377533569931984,-0.03658611327409744,0.04131903499364853,-2.4640395641326904,-0.027574896812438965,-0.2542654871940613,-2.4404237270355225,-3.131896495819092,-0.002583985449746251,1.1154035329818726,-0.0033346449490636587,0.009159114211797714,-0.0009076809510588646,2000,1000,2000,1000,False
1900756,1900804,1900812,1900840000,-0.007638995070010424,0.3093984127044678,-0.02362060546875,0.027824653312563896,0.10631856322288513,-0.009602733887732029,-0.03658611327409744,0.04131903499364853,-2.4640395641326904,-0.02630738541483879,-0.2515636384487152,-2.4405763149261475,-3.1324033737182617,-0.0027460644487291574,1.1156827211380005,-0.0033033895306289196,-0.004901638720184565,0.0071722171269357204,2000,1000,2000,1000,False
1900852,1900908,1900912,1900940000,-0.009771538898348808,0.30397287011146545,-0.02337646484375,0.026385430246591568,0.10451788455247879,-0.008008594624698162,-0.03658611327409744,0.04131903499364853,-2.4640395641326904,-0.02483031153678894,-0.24838697910308838,-2.4406983852386475,-3.132603645324707,-0.0024499776773154736,1.1165435314178467,0.004935859702527523,-0.007359813898801804,-0.0005024559213779867,2000,1000,2000,1000,False
1900956,1901004,1901012,1901040000,-0.010839455761015415,0.3027312457561493,-0.023406982421875,0.020465319976210594,0.10763271152973175,-0.008015898056328297,-0.03658611327409744,0.04131903499364853,-2.4640395641326904,-0.02434014156460762,-0.24898724257946014,-2.4405152797698975,-3.1324667930603027,-0.0023032217286527157,1.1162545680999756,-0.010740906931459904,-0.00034311413764953613,0.0018133766716346145,2000,1000,2000,1000,False
1901052,1901108,1901112,1901136000,-0.010833099484443665,0.30466073751449585,-0.023651123046875,0.02370208129286766,0.10490477830171585,-0.006681200582534075,-0.03658611327409744,0.04131903499364853,-2.4640395641326904,-0.024935252964496613,-0.2521766722202301,-2.4403016567230225,-3.1326122283935547,-0.002339776139706373,1.1159446239471436,0.0031960373744368553,-0.0012668744893744588,-0.0010005818912759423,2000,1000,2000,1000,False
1901156,1901204,1901212,1901236000,-0.01045543234795332,0.3070203959941864,-0.023681640625,0.023990049958229065,0.1024283915758133,-0.008156957104802132,-0.03658611327409744,0.04131903499364853,-2.4640395641326904,-0.02365894243121147,-0.24973656237125397,-2.4408204555511475,-3.13266658782959,-0.002038185251876712,1.1160184144973755,-0.0043142386712133884,-0.0010059953201562166,-0.008685770444571972,2000,1000,2000,1000,False
1901252,1901308,1901312,1901336000,-0.01262015663087368,0.30235984921455383,-0.02288818359375,0.01941443793475628,0.09877150505781174,-0.006318668369203806,-0.03658611327409744,0.04131903499364853,-2.4640395641326904,-0.022019369527697563,-0.24704237282276154,-2.4414918422698975,-3.1322219371795654,-0.0020962832495570183,1.1165502071380615,0.0071704634465277195,-0.002205999568104744,0.0049977111630141735,2000,1000,2000,1000,False
1901356,1901404,1901412,1901436000,-0.013816213235259056,0.30137184262275696,-0.0223388671875,0.0181107297539711,0.09872464835643768,-0.005618818569928408,-0.03658611327409744,0.04131903499364853,-2.4640395641326904,-0.02139698900282383,-0.24769103527069092,-2.4419190883636475,-3.1318256855010986,-0.0017830017022788525,1.116803526878357,0.00992556195706129,-0.013030605390667915,-0.015903126448392868,2000,1000,2000,1000,False
1901452,1901508,1901512,1901540000,-0.01414717547595501,0.3032921254634857,-0.0218505859375,0.01721612922847271,0.09565749764442444,-0.002926897257566452,-0.03658611327409744,0.04131903499364853,-2.4640395641326904,-0.021466072648763657,-0.25081607699394226,-2.4425294399261475,-3.131253480911255,-0.0018740241648629308,1.1161808967590332,0.0036469099577516317,0.0019446811638772488,0.0037655115593224764,2000,1000,2000,1000,False
1901556,1901604,1901612,1901640000,-0.014313002116978168,0.3056967854499817,-0.021087646484375,0.016979938372969627,0.094474658370018,0.00020068108278792351,-0.03658611327409744,0.04131903499364853,-2.4640395641326904,-0.019808584824204445,-0.24875177443027496,-2.4436280727386475,-3.131288528442383,-0.0020839485805481672,1.116135597229004,0.0007191415643319488,0.017813773825764656,-0.01341056264936924,2000,1000,2000,1000,False
1901652,1901708,1901712,1901740000,-0.01694950833916664,0.30171552300453186,-0.019805908203125,0.01116364449262619,0.09659860283136368,0.0017327633686363697,-0.03658611327409744,0.04131903499364853,-2.4640395641326904,-0.01760188490152359,-0.24698248505592346,-2.4447877407073975,-3.13100004196167,-0.0021821202244609594,1.1162809133529663,0.0011029791785404086,0.013717367313802242,-0.0010012417333200574,2000,1000,2000,1000,False
1901756,1901804,1901812,1901840000,-0.018691793084144592,0.30173203349113464,-0.018890380859375,0.010705105029046535,0.0960114598274231,0.0014487195294350386,-0.03658611327409744,0.04131903499364853,-2.4640395641326904,-0.01660173200070858,-0.2483050674200058,-2.4454896450042725,-3.130748748779297,-0.0021821949630975723,1.116389513015747,0.005309512373059988,0.009170415811240673,0.006650949828326702,2000,1000,2000,1000,False
1901852,1901908,1901912,1901936000,-0.019269878044724464,0.30421239137649536,-0.018280029296875,0.012360276654362679,0.09655250608921051,0.0007232911302708089,-0.03658611327409744,0.04131903499364853,-2.4640395641326904,-0.016460707411170006,-0.25207266211509705,-2.4461610317230225,-3.1307311058044434,-0.0021411872003227472,1.1167662143707275,-0.004020911641418934,-0.0038968867156654596,-0.010075223632156849,2000,1000,2000,1000,False
1901956,1902004,1902012,1902040000,-0.019637690857052803,0.30735912919044495,-0.01727294921875,0.007844706065952778,0.09678186476230621,0.006031765136867762,-0.03658611327409744,0.04131903499364853,-2.4640395641326904,-0.015189123339951038,-0.2505589723587036,-2.4475648403167725,-3.1304609775543213,-0.001578227849677205,1.1169450283050537,-0.005431791767477989,0.007500287611037493,-0.0103233577683568,2000,1000,2000,1000,False
1902052,1902108,1902112,1902136000,-0.021372167393565178,0.3038044571876526,-0.015716552734375,0.004046575631946325,0.09412000328302383,0.0072480482049286366,-0.03658611327409744,0.04131903499364853,-2.4640395641326904,-0.013733431696891785,-0.24885514378547668,-2.4491212368011475,-3.130764961242676,-0.0016479564364999533,1.1168043613433838,0.0021970465313643217,0.0029513861518353224,0.0012788084568455815,2000,1000,2000,1000,False
1902156,1902204,1902212,1902236000,-0.022648943588137627,0.3035842776298523,-0.01422119140625,0.00031609434518031776,0.09198201447725296,0.008111290633678436,-0.03658611327409744,0.04131903499364853,-2.4640395641326904,-0.012791148386895657,-0.25003582239151,-2.4505555629730225,-3.131047487258911,-0.001320750336162746,1.1171679496765137,0.005273073446005583,-0.0046357084065675735,-0.009874985553324223,2000,1000,2000,1000,False
1902252,1902308,1902312,1902340000,-0.023462332785129547,0.30601510405540466,-0.01287841796875,-0.0027041221037507057,0.09238999336957932,0.004932732786983252,-0.03658611327409744,0.04131903499364853,-2.4640395641326904,-0.012142733670771122,-0.2536335289478302,-2.4518067836761475,-3.1310198307037354,-0.0011872034519910812,1.117020845413208,-0.013387723825871944,0.01101644802838564,-0.00023781080381013453,2000,1000,2000,1000,False
1902356,1902404,1902412,1902440000,-0.02390052191913128,0.30917930603027344,-0.011688232421875,-0.005751883611083031,0.09010205417871475,0.002764999633654952,-0.03658611327409744,0.04131903499364853,-2.4640395641326904,-0.01230783760547638,-0.2531294822692871,-2.4529969692230225,-3.1307640075683594,-0.001500988262705505,1.1171350479125977,-0.0018054824322462082,-0.000766898738220334,0.00873822532594204,2000,1000,2000,1000,False
1902452,1902508,1902512,1902536000,-0.023433338850736618,0.30725476145744324,-0.010467529296875,-0.008767937310039997,0.09068503975868225,0.002787585137411952,-0.03658611327409744,0.04131903499364853,-2.4640395641326904,-0.012561571784317493,-0.25293922424316406,-2.4541261196136475,-3.1307787895202637,-0.00138466851785779,1.1171711683273315,0.004350919742137194,-0.006207955069839954,0.008584557101130486,2000,1000,2000,1000,False
1902556,1902604,1902612,1902640000,-0.02339624986052513,0.30853018164634705,-0.009552001953125,-0.012784546241164207,0.08998393267393112,0.0016069564735516906,-0.03658611327409744,0.04131903499364853,-2.4640395641326904,-0.01239355094730854,-0.25522729754447937,-2.4547669887542725,-3.130943775177002,-0.0011434226762503386,1.1170265674591064,0.008684887550771236,0.001007436541840434,-0.0026072233449667692,2000,1000,2000,1000,False
1902652,1902708,1902712,1902736000,-0.023754814639687538,0.3118835389614105,-0.009002685546875,-0.014626809395849705,0.08816119283437729,0.0014702314510941505,-0.03658611327409744,0.04131903499364853,-2.4640395641326904,-0.011946137063205242,-0.25972431898117065,-2.4551637172698975,-3.130741834640503,-0.0010186040308326483,1.1174232959747314,-0.0027075025718659163,-0.00040330918272957206,0.0002798282657749951,2000,1000,2000,1000,False
1902756,1902804,1902812,1902836000,-0.024315545335412025,0.31635594367980957,-0.008819580078125,-0.017429383471608162,0.08886148780584335,-0.0014200267614796758,-0.03658611327409744,0.04131903499364853,-2.4640395641326904,-0.011381671763956547,-0.2610822916030884,-2.4553163051605225,-3.1307456493377686,-0.0007669847109355032,1.1175439357757568,0.0010657329112291336,0.0007798904553055763,-0.010766987688839436,2000,1000,2000,1000,False
1902852,1902908,1902912,1902936000,-0.02486964501440525,0.31668856739997864,-0.00860595703125,-0.017161788418889046,0.09042228013277054,-0.00326069095171988,-0.03658611327409744,0.04131903499364853,-2.4640395641326904,-0.010866343043744564,-0.2630346417427063,-2.4554383754730225,-3.130919933319092,-0.000903600943274796,1.1178300380706787,0.01457990426570177,-0.0018609506078064442,0.0027823944110423326,2000,1000,2000,1000,False
1902956,1903012,1903012,1903040000,-0.025454258546233177,0.3201313018798828,-0.008697509765625,-0.018697166815400124,0.09297176450490952,-0.005811585579067469,-0.03658611327409744,0.04131903499364853,-2.4640395641326904,-0.010170334950089455,-0.2675856649875641,-2.4550721645355225,-3.131119966506958,-0.0008127210894599557,1.1179592609405518,-0.00325199612416327,-0.012574526481330395,0.010014842264354229,2000,1000,2000,1000,False
1903052,1903108,1903116,1903140000,-0.026195593178272247,0.32537660002708435,-0.009185791015625,-0.01842665486037731,0.09513529390096664,-0.004568268079310656,-0.03658611327409744,0.04131903499364853,-2.4640395641326904,-0.009425397031009197,-0.27346229553222656,-2.4546144008636475,-3.1312673091888428,-0.0008377140620723367,1.11726713180542,-0.008592979051172733,0.010511471889913082,-0.0009021225851029158,2000,1000,2000,1000,False
1903156,1903212,1903212,1903240000,-0.02703920565545559,0.3302824795246124,-0.009613037109375,-0.022785324603319168,0.09619785100221634,-0.003027944825589657,-0.03658611327409744,0.04131903499364853,-2.4640395641326904,-0.008757567033171654,-0.27133405208587646,-2.4543092250823975,-3.1314961910247803,-0.0009161335183307528,1.1176743507385254,0.00518097123131156,-0.0016457238234579563,0.0021085815969854593,2000,1000,2000,1000,False
1903252,1903308,1903312,1903340000,-0.02767663076519966,0.3254065215587616,-0.009857177734375,-0.024379702284932137,0.09230108559131622,-0.00442537572234869,-0.03658611327409744,0.04131903499364853,-2.4640395641326904,-0.007955770939588547,-0.268795371055603,-2.4541566371917725,-3.131633758544922,-0.0009058368159458041,1.1176162958145142,0.011757990345358849,0.011875646188855171,-0.00017967665917240083,2000,1000,2000,1000,False
1903356,1903404,1903412,1903436000,-0.028757650405168533,0.3241339325904846,-0.0098876953125,-0.025977959856390953,0.09056273102760315,-0.0034909620881080627,-0.03658611327409744,0.04131903499364853,-2.4640395641326904,-0.0068741911090910435,-0.26925066113471985,-2.4540650844573975,-3.131638526916504,-0.0010465236846357584,1.1175603866577148,-0.010298843495547771,-0.0024214680306613445,-0.006000214722007513,2000,1000,2000,1000,False
1903452,1903508,1903512,1903536000,-0.03000289760529995,0.32598111033439636,-0.010101318359375,-0.0248012263327837,0.09118854254484177,-0.00518321618437767,-0.03658611327409744,0.04131903499364853,-2.4640395641326904,-0.005559972021728754,-0.27240821719169617,-2.4537293910980225,-3.1321895122528076,-0.0009469144279137254,1.1174582242965698,-0.0032372809946537018,-0.00686302175745368,-0.0002870990429073572,2000,1000,2000,1000,False
1903556,1903604,1903612,1903640000,-0.0309800673276186,0.3283349573612213,-0.01043701171875,-0.024791359901428223,0.09248879551887512,-0.0028258138336241245,-0.03658611327409744,0.04131903499364853,-2.4640395641326904,-0.005933803040534258,-0.26991602778434753,-2.4535157680511475,-3.132730007171631,-0.0012379741529002786,1.1178958415985107,-0.005442304536700249,-0.0033607883378863335,-0.003151343436911702,2000,1000,2000,1000,False
1903652,1903708,1903712,1903740000,-0.02970055490732193,0.3236226737499237,-0.01068115234375,-0.019688637927174568,0.0893082544207573,-0.005324491765350103,-0.03658611327409744,0.04131903499364853,-2.4640395641326904,-0.00713105546310544,-0.26723194122314453,-2.4530580043792725,-3.1327426433563232,-0.0014509453903883696,1.1174911260604858,0.0061950767412781715,0.0018909136997535825,0.005207268986850977,2000,1000,2000,1000,False
1903756,1903804,1903812,1903840000,-0.028691120445728302,0.32265257835388184,-0.011260986328125,-0.01806853711605072,0.09040723741054535,-0.0063588316552340984,-0.03658611327409744,0.04131903499364853,-2.4640395641326904,-0.007832180708646774,-0.2679632902145386,-2.4524781703948975,-3.1329309940338135,-0.0013537351042032242,1.1173604726791382,-0.005693492479622364,-0.008097898215055466,0.0048643010668456554,2000,1000,2000,1000,False
1903852,1903908,1903912,1903940000,-0.028031984344124794,0.3247282803058624,-0.0118408203125,-0.013937783427536488,0.09099240601062775,-0.0050211092457175255,-0.03658611327409744,0.04131903499364853,-2.4640395641326904,-0.008391431532800198,-0.2713622748851776,-2.4518678188323975,-3.132542610168457,-0.0016120157670229673,1.1174988746643066,0.004868785385042429,-0.006252779625356197,0.003082806011661887,2000,1000,2000,1000,False
1903956,1904004,1904016,1904036000,-0.02758338674902916,0.32712605595588684,-0.012359619140625,-0.015204778872430325,0.09095733612775803,-0.006580197252333164,-0.03658611327409744,0.04131903499364853,-2.4640395641326904,-0.008791288360953331,-0.2683176100254059,-2.4517152309417725,-3.132544994354248,-0.0013282225700095296,1.1178643703460693,-0.0019331051735207438,-0.0016139312647283077,0.008060435764491558,2000,1000,2000,1000,False
1904052,1904108,1904112,1904136000,-0.027212420478463173,0.32157060503959656,-0.012451171875,-0.01685352809727192,0.09124454855918884,-0.009668651968240738,-0.03658611327409744,0.04131903499364853,-2.4640395641326904,-0.008896088227629662,-0.26498836278915405,-2.4513490200042725,-3.133220911026001,-0.0010786920320242643,1.1181999444961548,-0.02154390700161457,0.014505814760923386,-0.002403814345598221,2000,1000,2000,1000,False
1904156,1904204,1904212,1904240000,-0.02732625976204872,0.3199264109134674,-0.012969970703125,-0.01722671277821064,0.08880763500928879,-0.00820231530815363,-0.03658611327409744,0.04131903499364853,-2.4640395641326904,-0.008704587817192078,-0.2651531994342804,-2.4508302211761475,-3.133262872695923,-0.001179504208266735,1.1181350946426392,-0.012657453306019306,0.016189061105251312,0.0035660951398313046,2000,1000,2000,1000,False
1904252,1904308,1904312,1904336000,-0.027612347155809402,0.3215978145599365,-0.013427734375,-0.018618127331137657,0.09066234529018402,-0.005543651524931192,-0.03658611327409744,0.04131903499364853,-2.4640395641326904,-0.008202435448765755,-0.2681613862514496,-2.4502809047698975,-3.1333770751953125,-0.0008832738967612386,1.1181055307388306,0.004540915600955486,-0.010000020265579224,0.003026722464710474,2000,1000,2000,1000,False
1904356,1904404,1904412,1904436000,-0.027881234884262085,0.3240015506744385,-0.014007568359375,-0.015008142217993736,0.08992408215999603,-0.007456194143742323,-0.03658611327409744,0.04131903499364853,-2.4640395641326904,-0.008926921524107456,-0.2662498354911804,-2.4498841762542725,-3.132737636566162,-0.0007213631761260331,1.1181068420410156,0.010014909319579601,0.0026866206899285316,0.007032004650682211,2000,1000,2000,1000,False
1904452,1904508,1904512,1904540000,-0.02670111134648323,0.3200519382953644,-0.014373779296875,-0.01585734449326992,0.0846264585852623,-0.006725242827087641,-0.03658611327409744,0.04131903499364853,-2.4640395641326904,-0.009743571281433105,-0.2640732526779175,-2.4494874477386475,-3.1325299739837646,-0.0002439690288156271,1.1179823875427246,-0.016551708802580833,-0.0027561946772038937,0.006010186858475208,2000,1000,2000,1000,False
1904556,1904604,1904612,1904640000,-0.026219964027404785,0.3194001615047455,-0.014739990234375,-0.020053405314683914,0.08242545276880264,-0.007035702932626009,-0.03658611327409744,0.04131903499364853,-2.4640395641326904,-0.009762314148247242,-0.2648433446884155,-2.4490907192230225,-3.1324000358581543,-0.0005183625034987926,1.1179871559143066,0.002855591708794236,0.014832727611064911,0.0032550026662647724,2000,1000,2000,1000,False
1904652,1904708,1904712,1904736000,-0.026439128443598747,0.32138317823410034,-0.015411376953125,-0.017698118463158607,0.08246932923793793,-0.010312735103070736,-0.03658611327409744,0.04131903499364853,-2.4640395641326904,-0.0094575434923172,-0.2680641710758209,-2.4481446743011475,-3.1324965953826904,-0.00032234471291303635,1.118038535118103,0.004969790577888489,-0.011569852940738201,0.0028840338345617056,2000,1000,2000,1000,False
1904756,1904804,1904812,1904840000,-0.026828506961464882,0.32402148842811584,-0.016357421875,-0.01519740093499422,0.08366276323795319,-0.01021906640380621,-0.03658611327409744,0.04131903499364853,-2.4640395641326904,-0.009134910069406033,-0.2665128707885742,-2.4471375942230225,-3.1326444149017334,-0.0001341220922768116,1.1177948713302612,0.00407359329983592,-0.0078063770197331905,-0.002262079855427146,2000,1000,2000,1000,False
1904852,1904908,1904912,1904940000,-0.027303660288453102,0.3206373155117035,-0.017364501953125,-0.017924677580595016,0.08152700960636139,-0.006788800470530987,-0.03658611327409744,0.04131903499364853,-2.4640395641326904,-0.008335106074810028,-0.26488155126571655,-2.4463136196136475,-3.1324071884155273,-5.117570981383324e-05,1.1179213523864746,0.01326226256787777,0.003796760458499193,0.006138470955193043,2000,1000,2000,1000,False
1904956,1905004,1905012,1905040000,-0.028382904827594757,0.3203336298465729,-0.01800537109375,-0.01949496939778328,0.07787803560495377,-0.006291320081800222,-0.03658611327409744,0.04131903499364853,-2.4640395641326904,-0.007197905797511339,-0.26586586236953735,-2.4456422328948975,-3.132277488708496,-0.0002938453108072281,1.1176559925079346,0.01537791546434164,0.0050062146037817,-0.004137599375098944,2000,1000,2000,1000,False
1905052,1905108,1905112,1905136000,-0.029631750658154488,0.3225608766078949,-0.0186767578125,-0.018592992797493935,0.0800560787320137,-0.006008490454405546,-0.03658611327409744,0.04131903499364853,-2.4640395641326904,-0.005911323241889477,-0.26926109194755554,-2.4451539516448975,-3.1321959495544434,-4.883762449026108e-05,1.1177904605865479,0.0237279012799263,-0.013477199710905552,-0.006573868915438652,2000,1000,2000,1000,False
1905156,1905204,1905212,1905240000,-0.030815957114100456,0.32534828782081604,-0.019012451171875,-0.021963873878121376,0.07959765195846558,-0.0059898290783166885,-0.03658611327409744,0.04131903499364853,-2.4640395641326904,-0.005434237886220217,-0.2679649293422699,-2.4451539516448975,-3.1326162815093994,-0.00015732785686850548,1.117994785308838,-0.0033665234223008156,-0.0010891337879002094,-0.004973527975380421,2000,1000,2000,1000,False
1905252,1905308,1905312,1905336000,-0.030978377908468246,0.3222704231739044,-0.018829345703125,-0.02008065953850746,0.07743819802999496,-0.005290442146360874,-0.03658611327409744,0.04131903499364853,-2.4640395641326904,-0.005131213925778866,-0.26657021045684814,-2.4451234340667725,-3.132298469543457,0.00041548628360033035,1.1179331541061401,0.001627584919333458,-0.003197267185896635,0.0030310910660773516,2000,1000,2000,1000,False
1905356,1905404,1905412,1905440000,-0.03144284710288048,0.3223753869533539,-0.01904296875,-0.019825972616672516,0.07836883515119553,-0.005543489474803209,-0.03658611327409744,0.04131903499364853,-2.4640395641326904,-0.004445571918040514,-0.2680499851703644,-2.4449403285980225,-3.1326706409454346,0.00013499893248081207,1.118096947669983,-0.004844625946134329,-0.00627275463193655,-0.0061430842615664005,2000,1000,2000,1000,False
1905452,1905508,1905516,1905540000,-0.03245871886610985,0.3249974846839905,-0.01910400390625,-0.022492606192827225,0.07762562483549118,-0.0048437220975756645,-0.03658611327409744,0.04131903499364853,-2.4640395641326904,-0.003242664271965623,-0.27161476016044617,-2.4448792934417725,-3.1328792572021484,0.00014079362154006958,1.117891788482666,-0.0016199855599552393,-0.004420094192028046,-0.0016547472914680839,2000,1000,2000,1000,False
1905556,1905604,1905612,1905640000,-0.03338800370693207,0.3277362585067749,-0.0191650390625,-0.020672375336289406,0.07447043806314468,-0.003282807068899274,-0.03658611327409744,0.04131903499364853,-2.4640395641326904,-0.0034692289773374796,-0.27008354663848877,-2.4449708461761475,-3.132894515991211,1.6199657693505287e-05,1.1176602840423584,-0.0025062039494514465,-0.005656127352267504,0.00013722589937970042,2000,1000,2000,1000,False
1905652,1905708,1905712,1905740000,-0.032668232917785645,0.3243523836135864,-0.018951416015625,-0.022963272407650948,0.07350249588489532,0.0008071131305769086,-0.03658611327409744,0.04131903499364853,-2.4640395641326904,-0.0037456376012414694,-0.26829203963279724,-2.4453370571136475,-3.133073091506958,0.00035397056490182877,1.1176612377166748,-0.00013261233107186854,0.0045551033690571785,-0.00860350951552391,2000,1000,2000,1000,False
1905756,1905804,1905812,1905840000,-0.03277374058961868,0.3238174319267273,-0.018646240234375,-0.024212324991822243,0.06999440491199493,-0.0007472733268514276,-0.03658611327409744,0.04131903499364853,-2.4640395641326904,-0.0033487039618194103,-0.26898807287216187,-2.4453980922698975,-3.1334617137908936,0.0007852230337448418,1.118332862854004,-0.01444675400853157,0.0032047759741544724,-0.002669241977855563,2000,1000,2000,1000,False
1905852,1905908,1905912,1905936000,-0.033548783510923386,0.3256230354309082,-0.018798828125,-0.025857051834464073,0.0709177553653717,-0.004054204560816288,-0.03658611327409744,0.04131903499364853,-2.4640395641326904,-0.0022381399758160114,-0.27188390493392944,-2.4452149868011475,-3.1332855224609375,0.0010267344769090414,1.1183936595916748,-0.003574180882424116,-0.01099883671849966,-0.012493154965341091,2000,1000,2000,1000,False
1905956,1906004,1906012,1906036000,-0.034593623131513596,0.3276155889034271,-0.01849365234375,-0.026130979880690575,0.0711587592959404,-0.0022483111824840307,-0.03658611327409744,0.04131903499364853,-2.4640395641326904,-0.0022306975442916155,-0.2691314220428467,-2.4464356899261475,-3.1330952644348145,0.0010035930899903178,1.1186023950576782,0.003877851413562894,0.0034788837656378746,-0.0017161669675260782,2000,1000,2000,1000,False
1906052,1906108,1906112,1906140000,-0.033971983939409256,0.3224925100803375,-0.01678466796875,-0.021676119416952133,0.06612983345985413,-0.00037632364546880126,-0.03658611327409744,0.04131903499364853,-2.4640395641326904,-0.002566257258877158,-0.26565009355545044,-2.4480836391448975,-3.133145332336426,0.0009388983016833663,1.1185672283172607,-0.0004553171165753156,0.0013198228552937508,0.009582662023603916,2000,1000,2000,1000,False
1906156,1906204,1906212,1906240000,-0.034002967178821564,0.32034173607826233,-0.015289306640625,-0.023133249953389168,0.06219955533742905,0.0020825262181460857,-0.03658611327409744,0.04131903499364853,-2.4640395641326904,-0.002224808558821678,-0.2649882137775421,-2.4492738246917725,-3.132988929748535,0.0007368894875980914,1.1186692714691162,0.0031787289772182703,0.0003255994524806738,-0.006349568255245686,2000,1000,2000,1000,False
1906252,1906308,1906312,1906336000,-0.03456440567970276,0.3207087218761444,-0.014190673828125,-0.02379758469760418,0.062142565846443176,0.003696094499900937,-0.03658611327409744,0.04131903499364853,-2.4640395641326904,-0.0013402962358668447,-0.26643604040145874,-2.4503724575042725,-3.133175849914551,0.0008546087192371488,1.118634581565857,-0.0011715915752574801,-0.0024022755678743124,0.0049812369979918,2000,1000,2000,1000,False
1906356,1906404,1906412,1906436000,-0.03538297861814499,0.3214941918849945,-0.01324462890625,-0.02439454011619091,0.060531940311193466,0.001684502698481083,-0.03658611327409744,0.04131903499364853,-2.4640395641326904,-0.0014536831295117736,-0.26360219717025757,-2.4513490200042725,-3.132875680923462,0.0006197486654855311,1.1184935569763184,-0.004542024806141853,0.010234489105641842,-0.002499558497220278,2000,1000,2000,1000,False
1906452,1906508,1906512,1906540000,-0.03494657203555107,0.3169994354248047,-0.01226806640625,-0.024935930967330933,0.06005534157156944,0.0015380847034975886,-0.03658611327409744,0.04131903499364853,-2.4640395641326904,-0.0014946827432140708,-0.2608330249786377,-2.4521424770355225,-3.1327168941497803,0.0007680059061385691,1.118588924407959,-0.003435929538682103,0.011931280605494976,-0.003654743079096079,2000,1000,2000,1000,False
1906556,1906604,1906612,1906636000,-0.03521731123328209,0.31552231311798096,-0.011566162109375,-0.02574457973241806,0.057127512991428375,0.0013003872008994222,-0.03658611327409744,0.04131903499364853,-2.4640395641326904,-0.0009171668207272887,-0.2606147527694702,-2.4526612758636475,-3.132803201675415,0.0008876790525391698,1.1191778182983398,-0.0004476980830077082,-0.011375250294804573,-0.01237993873655796,2000,1000,2000,1000,False
1906652,1906708,1906712,1906736000,-0.03616572916507721,0.31622496247291565,-0.01129150390625,-0.027526739984750748,0.056200385093688965,-0.002338146325200796,-0.03658611327409744,0.04131903499364853,-2.4640395641326904,0.0004016511084046215,-0.26229551434516907,-2.4527528285980225,-3.1329476833343506,0.0008474687347188592,1.1194636821746826,0.0011032456532120705,-0.012461465783417225,-0.00591527484357357,2000,1000,2000,1000,False
1906756,1906804,1906812,1906836000,-0.03741905093193054,0.31741073727607727,-0.0113525390625,-0.029491715133190155,0.0525982640683651,-0.001000137417577207,-0.03658611327409744,0.04131903499364853,-2.4640395641326904,0.00042327100527472794,-0.260353147983551,-2.4526612758636475,-3.1330459117889404,0.0004994359333068132,1.1195939779281616,0.01160604041069746,0.005545324645936489,0.0028720686677843332,2000,1000,2000,1000,False
1906852,1906908,1906912,1906936000,-0.03674575686454773,0.3139123320579529,-0.0113525390625,-0.025093739852309227,0.04712703078985214,-0.00017554125224705786,-0.03658611327409744,0.04131903499364853,-2.4640395641326904,-3.195032331859693e-05,-0.25801897048950195,-2.4526002407073975,-3.133045196533203,0.00037462380714714527,1.1198631525039673,-0.0016747547779232264,-0.020618274807929993,0.014937558211386204,2000,1000,2000,1000,False
1906956,1907004,1907012,1907036000,-0.03648349642753601,0.31266331672668457,-0.011566162109375,-0.02197570726275444,0.044789429754018784,-0.0013660117983818054,-0.03658611327409744,0.04131903499364853,-2.4640395641326904,-1.9935332602472045e-05,-0.25793325901031494,-2.4523561000823975,-3.1332385540008545,-0.00029716407880187035,1.119883418083191,-0.009292474016547203,-0.003349119331687689,-0.0031021712347865105,2000,1000,2000,1000,False
1907052,1907108,1907112,1907136000,-0.036755770444869995,0.3134809732437134,-0.01190185546875,-0.02077147550880909,0.0486372634768486,-0.0028042378835380077,-0.03658611327409744,0.04131903499364853,-2.4640395641326904,0.00047336946590803564,-0.25982093811035156,-2.4518678188323975,-3.1331512928009033,5.369936116039753e-05,1.120600700378418,-0.013259423896670341,-0.0025963226798921824,-0.0037660892121493816,2000,1000,2000,1000,False
1907156,1907212,1907216,1907240000,-0.03715743124485016,0.31512483954429626,-0.0123291015625,-0.021397516131401062,0.049137525260448456,-0.004550897516310215,-0.03658611327409744,0.04131903499364853,-2.4640395641326904,8.59240026329644e-05,-0.2584855854511261,-2.4518983364105225,-3.1329195499420166,0.00018615997396409512,1.1208908557891846,-0.0016944375820457935,-0.0030143752228468657,-0.004125817213207483,2000,1000,2000,1000,False
1907260,1907308,1907312,1907336000,-0.03641665354371071,0.3125983774662018,-0.011993408203125,-0.019661173224449158,0.047538939863443375,-0.0014922989066690207,-0.03658611327409744,0.04131903499364853,-2.4640395641326904,-0.0002577260020188987,-0.2575197219848633,-2.4521119594573975,-3.1327388286590576,-0.00013983389362692833,1.1207245588302612,0.003653151448816061,-0.0030481754802167416,0.012052374891936779,2000,1000,2000,1000,False
1907356,1907404,1907412,1907440000,-0.03643837198615074,0.3126078248023987,-0.011932373046875,-0.02093205600976944,0.048722829669713974,-0.0008827232522889972,-0.03658611327409744,0.04131903499364853,-2.4640395641326904,9.988900274038315e-05,-0.25831204652786255,-2.4521424770355225,-3.1325337886810303,-0.0003538362216204405,1.120936632156372,-0.002949109999462962,-0.003319953801110387,-0.0039299409836530685,2000,1000,2000,1000,False
1907452,1907508,1907516,1907540000,-0.03711378946900368,0.3142666816711426,-0.01190185546875,-0.023257579654455185,0.05013921856880188,-0.0037526609376072884,-0.03658611327409744,0.04131903499364853,-2.4640395641326904,0.0010707959299907088,-0.2608462870121002,-2.4520814418792725,-3.1325652599334717,-0.00027305656112730503,1.1210856437683105,0.0016350660007447004,0.004040292929857969,0.0027671747375279665,2000,1000,2000,1000,False
1907556,1907604,1907612,1907640000,-0.037738677114248276,0.3161807656288147,-0.012054443359375,-0.022593125700950623,0.050650741904973984,-0.004118403885513544,-0.03658611327409744,0.04131903499364853,-2.4640395641326904,0.00025745350285433233,-0.2593519985675812,-2.4518678188323975,-3.1323180198669434,-0.0003440510481595993,1.12083101272583,0.010508128441870213,0.0031421238090842962,-0.010437286458909512,2000,1000,2000,1000,False
1907660,1907708,1907716,1907740000,-0.036133892834186554,0.3129355013370514,-0.01239013671875,-0.022397080436348915,0.046944066882133484,-0.004780900664627552,-0.03658611327409744,0.04131903499364853,-2.4640395641326904,-0.0007265513413585722,-0.25745460391044617,-2.4514710903167725,-3.132478952407837,-0.00024256901815533638,1.1214358806610107,-0.0024306958075612783,1.6878475435078144e-06,-0.006881342735141516,2000,1000,2000,1000,False
1907756,1907804,1907816,1907840000,-0.03567781299352646,0.31230542063713074,-0.012847900390625,-0.020511819049715996,0.049829188734292984,-0.006702267564833164,-0.03658611327409744,0.04131903499364853,-2.4640395641326904,-0.0008463792619295418,-0.2578437328338623,-2.4508302211761475,-3.1322991847991943,-0.00030750595033168793,1.121555209159851,0.005256033036857843,-0.012036019004881382,-0.01187859009951353,2000,1000,2000,1000,False
1907860,1907908,1907912,1907940000,-0.03583507612347603,0.31369906663894653,-0.013702392578125,-0.019302308559417725,0.04849417135119438,-0.009994653053581715,-0.03658611327409744,0.04131903499364853,-2.4640395641326904,-0.0005059178802184761,-0.2598145306110382,-2.4498231410980225,-3.1325650215148926,-0.00021025678142905235,1.1216641664505005,-0.0034222130198031664,-0.008653432130813599,-0.007087188772857189,2000,1000,2000,1000,False
1907956,1908004,1908012,1908036000,-0.03596369922161102,0.3148695230484009,-0.014739990234375,-0.019730985164642334,0.04672053083777428,-0.011177357286214828,-0.03658611327409744,0.04131903499364853,-2.4640395641326904,-0.001361848902888596,-0.2579469680786133,-2.4487245082855225,-3.1331605911254883,0.0001352899707853794,1.1216225624084473,-0.01320770662277937,0.004768114071339369,-0.0003937312576454133,2000,1000,2000,1000,False
1908052,1908108,1908112,1908136000,-0.03457573801279068,0.31143125891685486,-0.015899658203125,-0.01893669180572033,0.04317120462656021,-0.012179763987660408,-0.03658611327409744,0.04131903499364853,-2.4640395641326904,-0.0023588065523654222,-0.2556958794593811,-2.4473512172698975,-3.1331236362457275,0.0004899196792393923,1.1217947006225586,-0.0002619456499814987,-0.012960497289896011,-0.00843681301921606,2000,1000,2000,1000,False
1908156,1908204,1908212,1908240000,-0.033837851136922836,0.31017163395881653,-0.0174560546875,-0.01684057153761387,0.04274402931332588,-0.01533433422446251,-0.03658611327409744,0.04131903499364853,-2.4640395641326904,-0.002734764479100704,-0.25550714135169983,-2.4457948207855225,-3.1328041553497314,0.000772410596255213,1.1217069625854492,0.010085933841764927,-0.00033977883867919445,0.00036604568595066667,2000,1000,2000,1000,False
1908252,1908308,1908316,1908340000,-0.033840861171483994,0.3106233775615692,-0.019073486328125,-0.01830231212079525,0.038652826100587845,-0.017543086782097816,-0.03658611327409744,0.04131903499364853,-2.4640395641326904,-0.0022572402376681566,-0.25656551122665405,-2.4439027309417725,-3.1326541900634766,0.0006846809410490096,1.1216144561767578,-0.006270970683544874,0.010522960685193539,0.0007115154876373708,2000,1000,2000,1000,False
1908356,1908412,1908416,1908440000,-0.03435853123664856,0.3110121786594391,-0.02105712890625,-0.0181288979947567,0.03787149116396904,-0.01891849748790264,-0.03658611327409744,0.04131903499364853,-2.4640395641326904,-0.002364285057410598,-0.2535220980644226,-2.4423463344573975,-3.1329610347747803,0.0006659615901298821,1.122049331665039,-0.0028762896545231342,-0.005929459817707539,0.002864586655050516,2000,1000,2000,1000,False
1908460,1908508,1908512,1908536000,-0.0340069979429245,0.3064156770706177,-0.022186279296875,-0.016946367919445038,0.03464202210307121,-0.01500711776316166,-0.03658611327409744,0.04131903499364853,-2.4640395641326904,-0.0023600771091878414,-0.2505887746810913,-2.4412782192230225,-3.1330482959747314,0.0005261639598757029,1.1221897602081299,0.005122754722833633,0.0031186221167445183,-0.002247782191261649,2000,1000,2000,1000,False
1908556,1908604,1908612,1908640000,-0.03430894762277603,0.3041801452636719,-0.02337646484375,-0.01607109233736992,0.030629701912403107,-0.014010271988809109,-0.03658611327409744,0.04131903499364853,-2.4640395641326904,-0.001871613785624504,-0.24919237196445465,-2.4399964809417725,-3.133204221725464,0.00044564253767021,1.1221758127212524,0.00020617651171050966,0.011808509938418865,0.007714264560490847,2000,1000,2000,1000,False
1908652,1908708,1908712,1908736000,-0.03507738187909126,0.3034104108810425,-0.024688720703125,-0.01914597488939762,0.02937983348965645,-0.012642068788409233,-0.03658611327409744,0.04131903499364853,-2.4640395641326904,-0.0008318586042150855,-0.249136820435524,-2.4386231899261475,-3.1331429481506348,6.516929715871811e-07,1.1223015785217285,-0.006763376761227846,0.004573957063257694,0.002239529974758625,2000,1000,2000,1000,False
1908756,1908804,1908812,1908836000,-0.03591431304812431,0.30310672521591187,-0.02593994140625,-0.017297595739364624,0.030002128332853317,-0.013805419206619263,-0.03658611327409744,0.04131903499364853,-2.4640395641326904,-0.0009544717031531036,-0.2470509260892868,-2.4379518032073975,-3.1336121559143066,0.00031643291004002094,1.1226788759231567,-0.009577320888638496,-0.002526345429942012,0.010165521875023842,2000,1000,2000,1000,False
1908852,1908908,1908912,1908940000,-0.03537924587726593,0.3002093732357025,-0.0263671875,-0.014701803214848042,0.030449802055954933,-0.015538397245109081,-0.03658611327409744,0.04131903499364853,-2.4640395641326904,-0.001250210334546864,-0.24511368572711945,-2.4373719692230225,-3.1341264247894287,0.00024573528207838535,1.1226580142974854,-0.009595164097845554,0.0053536174818873405,-0.0012927845818921924,2000,1000,2000,1000,False
1908956,1909004,1909012,1909040000,-0.03536802902817726,0.29904577136039734,-0.0269775390625,-0.015519710257649422,0.02997746504843235,-0.012530555948615074,-0.03658611327409744,0.04131903499364853,-2.4640395641326904,-0.0008810015278868377,-0.24498246610164642,-2.4368226528167725,-3.134060859680176,0.0002706642262637615,1.1231070756912231,0.0007591952453367412,-0.00447393674403429,0.00585595890879631,2000,1000,2000,1000,False
1909052,1909108,1909112,1909136000,-0.036170199513435364,0.29978352785110474,-0.0274658203125,-0.02027623914182186,0.03444144129753113,-0.009641558863222599,-0.03658611327409744,0.04131903499364853,-2.4640395641326904,0.0003315146896056831,-0.24641145765781403,-2.4362733364105225,-3.134044647216797,0.0002885153517127037,1.122660756111145,-0.02145225554704666,-0.0020966818556189537,-0.0018239549826830626,2000,1000,2000,1000,False
1909156,1909204,1909212,1909236000,-0.03765132278203964,0.30074506998062134,-0.0279541015625,-0.019057219848036766,0.03502082824707031,-0.006046818103641272,-0.03658611327409744,0.04131903499364853,-2.4640395641326904,0.001637889421544969,-0.24504221975803375,-2.4360902309417725,-3.134247064590454,0.00037878379225730896,1.1226725578308105,0.0002676437434274703,0.015657028183341026,0.0003678901121020317,2000,1000,2000,1000,False
1909252,1909308,1909312,1909340000,-0.038920413702726364,0.2983874976634979,-0.028106689453125,-0.01650918275117874,0.036788489669561386,-0.007464246824383736,-0.03658611327409744,0.04131903499364853,-2.4640395641326904,0.0029147204477339983,-0.24373088777065277,-2.4356324672698975,-3.1337900161743164,0.0005195874255150557,1.1227740049362183,-0.007578706834465265,0.00518543366342783,-0.005852700211107731,2000,1000,2000,1000,False
1909356,1909404,1909412,1909440000,-0.0403105653822422,0.2978723347187042,-0.0286865234375,-0.015854084864258766,0.036397382616996765,-0.007500356994569302,-0.03658611327409744,0.04131903499364853,-2.4640395641326904,0.0042824335396289825,-0.2439649999141693,-2.4352052211761475,-3.1336476802825928,9.577767923474312e-05,1.1227505207061768,0.015494263730943203,0.0014281580224633217,-0.014169109053909779,2000,1000,2000,1000,False
1909452,1909508,1909512,1909540000,-0.04195035248994827,0.29859891533851624,-0.029022216796875,-0.017451802268624306,0.033162921667099,-0.004609397612512112,-0.03658611327409744,0.04131903499364853,-2.4640395641326904,0.00601497758179903,-0.24531662464141846,-2.4348695278167725,-3.133212089538574,0.00013961270451545715,1.1230378150939941,0.005188044160604477,0.004447477869689465,0.00033150860690511763,2000,1000,2000,1000,False
1909556,1909604,1909612,1909636000,-0.04360649734735489,0.29969263076782227,-0.0289306640625,-0.017288921400904655,0.035652656108140945,-0.00521379429847002,-0.03658611327409744,0.04131903499364853,-2.4640395641326904,0.007029007654637098,-0.24420540034770966,-2.4359986782073975,-3.132974863052368,0.00027043232694268227,1.1229853630065918,0.014623040333390236,0.0005687422817572951,-0.0007948254351504147,2000,1000,2000,1000,False
1909652,1909708,1909712,1909736000,-0.04450702294707298,0.29751676321029663,-0.027435302734375,-0.020646531134843826,0.03347218781709671,-0.005744938738644123,-0.03658611327409744,0.04131903499364853,-2.4640395641326904,0.008201511576771736,-0.24286490678787231,-2.4371583461761475,-3.133070707321167,0.0010631880722939968,1.1228092908859253,-0.0016482180217280984,0.003081555012613535,-0.0031180335208773613,2000,1000,2000,1000,False
1909756,1909804,1909812,1909840000,-0.045907530933618546,0.2969405949115753,-0.026580810546875,-0.020535295829176903,0.03422058746218681,-0.004498930182307959,-0.03658611327409744,0.04131903499364853,-2.4640395641326904,0.009521271102130413,-0.24310530722141266,-2.4376466274261475,-3.132925271987915,0.0013081742217764258,1.1226450204849243,0.014142869040369987,0.0025575063191354275,0.005866505205631256,2000,1000,2000,1000,False
1909852,1909908,1909912,1909940000,-0.04734668880701065,0.2977432310581207,-0.026275634765625,-0.020729586482048035,0.03280264511704445,-0.0036909696646034718,-0.03658611327409744,0.04131903499364853,-2.4640395641326904,0.011110244318842888,-0.24456511437892914,-2.4378297328948975,-3.1334450244903564,0.0011026626452803612,1.1228762865066528,-0.008778381161391735,0.015436777845025063,0.004899022169411182,2000,1000,2000,1000,False
1909956,1910004,1910012,1910036000,-0.04854129999876022,0.2987299859523773,-0.026031494140625,-0.020491797477006912,0.035587165504693985,-0.00403202697634697,-0.03658611327409744,0.04131903499364853,-2.4640395641326904,0.01052659098058939,-0.24283364415168762,-2.4383790493011475,-3.1333425045013428,0.0008560888236388564,1.1226704120635986,0.0024068171624094248,0.0018124667694792151,0.004427855834364891,2000,1000,2000,1000,False
1910060,1910108,1910112,1910136000,-0.04684079810976982,0.2955979108810425,-0.02532958984375,-0.015590465627610683,0.03663962334394455,-0.0036866541486233473,-0.03658611327409744,0.04131903499364853,-2.4640395641326904,0.009195191785693169,-0.24099017679691315,-2.4389894008636475,-3.1334667205810547,0.00024052360095083714,1.1222553253173828,-0.007667447440326214,0.002997179515659809,0.006132353097200394,2000,1000,2000,1000,False
1910156,1910204,1910212,1910236000,-0.04583757370710373,0.2947517931461334,-0.024993896484375,-0.014862549491226673,0.03452691808342934,-0.0026226311456412077,-0.03658611327409744,0.04131903499364853,-2.4640395641326904,0.008534930646419525,-0.2407362014055252,-2.4390504360198975,-3.133640766143799,0.00022350018844008446,1.1229102611541748,-0.014535256661474705,-0.0019847641233354807,-0.008630848489701748,2000,1000,2000,1000,False
1910252,1910308,1910312,1910340000,-0.045412372797727585,0.2949884235858917,-0.02490234375,-0.012020942755043507,0.033162109553813934,-9.269532893085852e-05,-0.03658611327409744,0.04131903499364853,-2.4640395641326904,0.008266647346317768,-0.2416372299194336,-2.4394471645355225,-3.1336193084716797,-9.761005640029907e-05,1.1230016946792603,0.00020766058878507465,-0.0017277906881645322,-0.0029497372452169657,2000,1000,2000,1000,False
1910356,1910404,1910412,1910440000,-0.04492288827896118,0.2956818640232086,-0.0242919921875,-0.009490233846008778,0.035329509526491165,0.0006376046221703291,-0.03658611327409744,0.04131903499364853,-2.4640395641326904,0.00716750044375658,-0.24038390815258026,-2.4402101039886475,-3.1342248916625977,0.00020976131781935692,1.1230064630508423,-0.003647082019597292,-0.0005195039557293057,-0.002113044960424304,2000,1000,2000,1000,False
1910452,1910508,1910512,1910540000,-0.04359231889247894,0.29357391595840454,-0.02337646484375,-0.012313221581280231,0.03582977131009102,0.0010186083381995559,-0.03658611327409744,0.04131903499364853,-2.4640395641326904,0.006281618494540453,-0.2392416149377823,-2.4410951137542725,-3.134265661239624,0.0007376147550530732,1.1224583387374878,0.004860385786741972,-0.008072277531027794,-0.009100547060370445,2000,1000,2000,1000,False
1910556,1910604,1910612,1910640000,-0.043060190975666046,0.2932199537754059,-0.022613525390625,-0.012302616611123085,0.038133565336465836,0.0009630870772525668,-0.03658611327409744,0.04131903499364853,-2.4640395641326904,0.006103789433836937,-0.23972228169441223,-2.4416444301605225,-3.1341490745544434,0.0011902139522135258,1.1222318410873413,-0.0068961093202233315,-0.016722144559025764,-0.0096031054854393,2000,1000,2000,1000,False
1910652,1910708,1910712,1910740000,-0.043115463107824326,0.29444512724876404,-0.022247314453125,-0.013421724550426006,0.04006684198975563,0.0007669605547562242,-0.03658611327409744,0.04131903499364853,-2.4640395641326904,0.0064817857928574085,-0.24153688549995422,-2.4419496059417725,-3.1337990760803223,0.0012476149713620543,1.1220556497573853,0.010966132394969463,-0.0005550627247430384,0.009031879715621471,2000,1000,2000,1000,False
1910756,1910804,1910812,1910840000,-0.043652791529893875,0.2957135736942291,-0.0218505859375,-0.01625770516693592,0.03633223474025726,0.0009324315469712019,-0.03658611327409744,0.04131903499364853,-2.4640395641326904,0.006824091076850891,-0.24036051332950592,-2.4427735805511475,-3.1337127685546875,0.0011384969111531973,1.122367024421692,0.004559061955660582,0.013335500843822956,-0.0024951391387730837,2000,1000,2000,1000,False
1910852,1910908,1910912,1910940000,-0.04398554190993309,0.29340624809265137,-0.020782470703125,-0.015570785850286484,0.032564304769039154,0.0011409195140004158,-0.03658611327409744,0.04131903499364853,-2.4640395641326904,0.007448782213032246,-0.23881974816322327,-2.4437196254730225,-3.1335368156433105,0.0011488301679491997,1.1222929954528809,0.019464541226625443,0.01674276776611805,-0.002557549625635147,2000,1000,2000,1000,False
1910956,1911004,1911012,1911040000,-0.04490532726049423,0.2924058437347412,-0.019927978515625,-0.016466548666357994,0.030071303248405457,0.004739431664347649,-0.03658611327409744,0.04131903499364853,-2.4640395641326904,0.00840538740158081,-0.23848001658916473,-2.4444520473480225,-3.133352041244507,0.0011776117607951164,1.122244954109192,0.0034320184495300055,0.0022424522321671247,-0.0015305826673284173,2000,1000,2000,1000,False
1911052,1911108,1911112,1911140000,-0.04601968824863434,0.2924618124961853,-0.019287109375,-0.016925081610679626,0.026498615741729736,0.0035797639284282923,-0.03658611327409744,0.04131903499364853,-2.4640395641326904,0.009667995385825634,-0.23897582292556763,-2.4450318813323975,-3.1329050064086914,0.0010167439468204975,1.1221357583999634,-0.008401853032410145,0.004168241284787655,-0.003941192291676998,2000,1000,2000,1000,False
1911156,1911204,1911212,1911240000,-0.047285083681344986,0.2923731803894043,-0.0185546875,-0.02094116620719433,0.025257980450987816,0.0031215378548949957,-0.03658611327409744,0.04131903499364853,-2.4640395641326904,0.010425863787531853,-0.2365557849407196,-2.4462831020355225,-3.1328978538513184,0.0012396451784297824,1.122206211090088,-0.015678590163588524,-0.0003522505867294967,0.00504363002255559,2000,1000,2000,1000,False
1911252,1911308,1911312,1911340000,-0.04798181354999542,0.2887239158153534,-0.01702880859375,-0.023285599425435066,0.022233977913856506,0.004363453481346369,-0.03658611327409744,0.04131903499364853,-2.4640395641326904,0.01139854360371828,-0.23380692303180695,-2.4479920864105225,-3.1333138942718506,0.0005101172719150782,1.1224197149276733,0.014660544693470001,0.005847714375704527,-0.00709559815004468,2000,1000,2000,1000,False
1911356,1911404,1911412,1911436000,-0.04921428859233856,0.28673774003982544,-0.01519775390625,-0.023327050730586052,0.022975511848926544,0.006599269807338715,-0.03658611327409744,0.04131903499364853,-2.4640395641326904,0.012669199146330357,-0.23275895416736603,-2.4495790004730225,-3.1329691410064697,0.0008397261844947934,1.1217055320739746,0.005568094551563263,-0.007262295577675104,-0.0014963867142796516,2000,1000,2000,1000,False
1911452,1911508,1911516,1911540000,-0.05075804889202118,0.28618425130844116,-0.013641357421875,-0.024694060906767845,0.02320190891623497,0.010087172500789165,-0.03658611327409744,0.04131903499364853,-2.4640395641326904,0.014472655020654202,-0.2327788770198822,-2.4513185024261475,-3.1326100826263428,0.0011445044074207544,1.1220228672027588,-0.008912071585655212,0.000923295971006155,0.005245963577181101,2000,1000,2000,1000,False
1911556,1911604,1911612,1911640000,-0.05220484361052513,0.2861131429672241,-0.011688232421875,-0.02258092723786831,0.0231322031468153,0.010721282102167606,-0.03658611327409744,0.04131903499364853,-2.4640395641326904,0.014346013776957989,-0.23145681619644165,-2.4537293910980225,-3.132476806640625,0.0010948183480650187,1.121965765953064,-0.0006752140470780432,0.006096208468079567,0.0009943455224856734,2000,1000,2000,1000,False
1911652,1911708,1911712,1911740000,-0.05142395198345184,0.28424400091171265,-0.009002685546875,-0.024567900225520134,0.02543502487242222,0.012043118476867676,-0.03658611327409744,0.04131903499364853,-2.4640395641326904,0.01411974336951971,-0.23057706654071808,-2.4565675258636475,-3.132148027420044,0.0009766948642209172,1.1217504739761353,-0.012111227959394455,0.0039126081392169,0.01399361714720726,2000,1000,2000,1000,False
1911756,1911804,1911812,1911836000,-0.051663339138031006,0.28417161107063293,-0.00628662109375,-0.024933751672506332,0.02729795128107071,0.014453287236392498,-0.03658611327409744,0.04131903499364853,-2.4640395641326904,0.014683123677968979,-0.23108351230621338,-2.4588563442230225,-3.1325271129608154,0.000899199047125876,1.1213431358337402,-0.01622866466641426,0.0008154526585713029,0.003399925772100687,2000,1000,2000,1000,False
1911852,1911908,1911912,1911936000,-0.05254143849015236,0.2851932644844055,-0.004180908203125,-0.024586554616689682,0.026623690500855446,0.013526328839361668,-0.03658611327409744,0.04131903499364853,-2.4640395641326904,0.015773504972457886,-0.23253875970840454,-2.4611451625823975,-3.1325137615203857,0.0014211181551218033,1.1211832761764526,0.008701867423951626,-0.010317521169781685,0.0008877705549821258,2000,1000,2000,1000,False
1911956,1912004,1912012,1912036000,-0.05320466309785843,0.2863510251045227,-0.001953125,-0.021905234083533287,0.028214219957590103,0.017997613176703453,-0.03658611327409744,0.04131903499364853,-2.4640395641326904,0.014943447895348072,-0.23199327290058136,-2.4628236293792725,-3.132406234741211,0.0017472375184297562,1.1210392713546753,-0.0030754145700484514,-0.009510145522654057,0.013185874558985233,2000,1000,2000,1000,False
1912060,1912108,1912116,1912140000,-0.051559582352638245,0.2849433422088623,-0.000335693359375,-0.02012266032397747,0.02843479812145233,0.017452703788876534,-0.03658611327409744,0.04131903499364853,-2.4640395641326904,0.013920268975198269,-0.23130743205547333,-2.4643800258636475,-3.132474184036255,0.001394403399899602,1.1206327676773071,0.0013812329852953553,-0.002620094455778599,-0.0012516194256022573,2000,1000,2000,1000,False
1912156,1912204,1912212,1912240000,-0.05114784091711044,0.28486180305480957,0.0009765625,-0.02193283848464489,0.026930904015898705,0.016912516206502914,-0.03658611327409744,0.04131903499364853,-2.4640395641326904,0.014016644097864628,-0.23163923621177673,-2.4657227993011475,-3.1321167945861816,0.0016654914943501353,1.1204580068588257,0.008909815922379494,-0.0030176914297044277,0.0006922979955561459,2000,1000,2000,1000,False
1912260,1912308,1912312,1912340000,-0.051821399480104446,0.2856982946395874,0.002349853515625,-0.024256011471152306,0.027259504422545433,0.013023586012423038,-0.03658611327409744,0.04131903499364853,-2.4640395641326904,0.015093396417796612,-0.23283232748508453,-2.4669129848480225,-3.1316945552825928,0.0011549300979822874,1.1208276748657227,-0.003812138456851244,-0.002920691156759858,-0.0013530876021832228,2000,1000,2000,1000,False
1912356,1912404,1912412,1912440000,-0.05272817239165306,0.28653281927108765,0.003448486328125,-0.02742205560207367,0.026325123384594917,0.011295746080577374,-0.03658611327409744,0.04131903499364853,-2.4640395641326904,0.014843435026705265,-0.23200787603855133,-2.4684693813323975,-3.1314849853515625,0.0009918740252032876,1.1205724477767944,-0.005401280242949724,-0.006406253669410944,0.008561153896152973,2000,1000,2000,1000,False
1912452,1912508,1912512,1912536000,-0.05203068256378174,0.2849414348602295,0.0052490234375,-0.030362343415617943,0.027585148811340332,0.011413095518946648,-0.03658611327409744,0.04131903499364853,-2.4640395641326904,0.014806969091296196,-0.23120228946208954,-2.4701783657073975,-3.1313281059265137,0.0011277778539806604,1.1206680536270142,0.004552563186734915,0.015599291771650314,0.01222223974764347,2000,1000,2000,1000,False
1912556,1912604,1912612,1912640000,-0.05254810303449631,0.28478479385375977,0.00677490234375,-0.03138704597949982,0.027926145121455193,0.009710891172289848,-0.03658611327409744,0.04131903499364853,-2.4640395641326904,0.015695936977863312,-0.23161914944648743,-2.4713380336761475,-3.1316041946411133,0.0011353704612702131,1.1205222606658936,0.006833224557340145,-4.580318636726588e-05,0.012450741603970528,2000,1000,2000,1000,False
1912652,1912708,1912716,1912740000,-0.053800180554389954,0.285725861787796,0.00775146484375,-0.03225990757346153,0.028645910322666168,0.005721471272408962,-0.03658611327409744,0.04131903499364853,-2.4640395641326904,0.01730397343635559,-0.2330094575881958,-2.4721009731292725,-3.1316165924072266,0.0014797725016251206,1.1205894947052002,0.009228233247995377,-0.01788669265806675,-0.0007103914977051318,2000,1000,2000,1000,False
1912756,1912804,1912812,1912840000,-0.05480269342660904,0.286588191986084,0.008148193359375,-0.03316666930913925,0.028474073857069016,0.007736696396023035,-0.03658611327409744,0.04131903499364853,-2.4640395641326904,0.01567153073847294,-0.2315198928117752,-2.4720399379730225,-3.1317760944366455,0.0016338664572685957,1.120719313621521,-0.014570403844118118,-0.009259684011340141,-0.009977266192436218,2000,1000,2000,1000,False
1912852,1912908,1912912,1912940000,-0.051879845559597015,0.2838681936264038,0.007904052734375,-0.03361579775810242,0.025376783683896065,0.007851485162973404,-0.03658611327409744,0.04131903499364853,-2.4640395641326904,0.013681264594197273,-0.22944755852222443,-2.4718873500823975,-3.1319100856781006,0.0011005897540599108,1.1205915212631226,0.004027797840535641,-0.0025684749707579613,0.0047835130244493484,2000,1000,2000,1000,False
1912956,1913004,1913012,1913036000,-0.0505397655069828,0.2822950482368469,0.007843017578125,-0.03212874382734299,0.023507066071033478,0.008665108121931553,-0.03658611327409744,0.04131903499364853,-2.4640395641326904,0.013091330416500568,-0.2287207841873169,-2.4719483852386475,-3.131814479827881,0.001851901295594871,1.1198337078094482,-0.0005052066990174353,-0.0004654251388274133,0.00438335258513689,2000,1000,2000,1000,False
1913052,1913108,1913112,1913140000,-0.05050637200474739,0.2821810841560364,0.007965087890625,-0.03432713449001312,0.02555515244603157,0.006619706749916077,-0.03658611327409744,0.04131903499364853,-2.4640395641326904,0.013656003400683403,-0.22926555573940277,-2.4720399379730225,-3.1316497325897217,0.0019432146800681949,1.119889259338379,-0.01437210850417614,-0.022667020559310913,-0.011898115277290344,2000,1000,2000,1000,False
1913156,1913204,1913212,1913240000,-0.05099133029580116,0.2828010022640228,0.007904052734375,-0.035596974194049835,0.02627025544643402,0.004596824757754803,-0.03658611327409744,0.04131903499364853,-2.4640395641326904,0.012754825875163078,-0.22893869876861572,-2.4717042446136475,-3.131671190261841,0.0022934230510145426,1.1198087930679321,-0.007644301746040583,-0.002797748427838087,0.007287817541509867,2000,1000,2000,1000,False
1913252,1913308,1913312,1913336000,-0.049455657601356506,0.2821284830570221,0.0074462890625,-0.03419693931937218,0.027450809255242348,0.0067907096818089485,-0.03658611327409744,0.04131903499364853,-2.4640395641326904,0.01201492827385664,-0.2289406806230545,-2.4713075160980225,-3.1317138671875,0.002502483781427145,1.1198527812957764,0.0013393065892159939,0.0017118749674409628,-0.007070393767207861,2000,1000,2000,1000,False
1913356,1913404,1913412,1913440000,-0.049348384141922,0.28269219398498535,0.007080078125,-0.03465026989579201,0.026107430458068848,0.005572435911744833,-0.03658611327409744,0.04131903499364853,-2.4640395641326904,0.012395313940942287,-0.22978058457374573,-2.4709107875823975,-3.1322667598724365,0.0026220025029033422,1.1198021173477173,-0.002413114532828331,-0.0026512877084314823,0.01008989941328764,2000,1000,2000,1000,False
1913452,1913508,1913512,1913536000,-0.050058647990226746,0.2838229537010193,0.006866455078125,-0.033591900020837784,0.023614993318915367,0.00913877785205841,-0.03658611327409744,0.04131903499364853,-2.4640395641326904,0.013527094386518002,-0.23111234605312347,-2.4710328578948975,-3.1324117183685303,0.002905342262238264,1.1201300621032715,-0.003338407026603818,-0.005773482378572226,0.005560684017837048,2000,1000,2000,1000,False
